i,e,alt,criterion,coord,baseline_z,tie_z
0,0,0,3,1,0.0010000000000000002,0.00260640208774118360325787348363407142976326208458072773775458531365094969109357970626014473
1,2,0,3,1,0.0010000000000000002,0.00250249820011498569808282481842711479481422002245035608393934649933755932383851324594543696
2,3,2,0,1,0.0010000000000000002,9.99999999999999999999999999999999999999991867346925280628012576921496839146250884246308828e-41
3,1,0,3,1,0.0010000000000000002,0.00230983025811664089035302092855340632017668931776826886285004169700353930784055834563142416
4,2,0,4,1,0.0010000000000000002,0.00198182575522850988798167510929694771423813416799628705505431760494571821687094942224921411
5,1,0,0,1,0.0010000000000000002,0.00182249784026217314102649851345164354606875553815252102029913753594351822765452506281967775
6,0,0,1,1,0.008000000000000002,0.00879506698148024354274678478614937853643341625366931433138743809973091051559601773735112033
7,2,0,1,1,0.008000000000000002,0.00878029430271374437479579090740058913299861235807903841664508207578169427501951346030191276
8,2,2,3,1,0.008000000000000002,0.00715740976421189227606257727916833667639220366266297585839922554787039813137771700414998254
9,3,0,1,1,0.008000000000000002,0.0085818893697400185492955220322882185967714860851502805256614686537639526763995812271083798
10,2,2,4,1,0.008000000000000002,0.00755836142403571423117098308803202372500950374471911680404228367271334243785551526313683686
11,2,2,0,1,0.008000000000000002,0.00799200614809812914848312297237483624243637490582770797245296981191819457730873773548408962
12,1,2,4,1,0.008000000000000002,0.00767486473313887100105871543215432590955605213802182613068384204159752104208206968116321391
13,1,2,0,1,0.008000000000000002,0.00799474795043140604537199302342050482948233256767682144436924898331169710379302651469666298
14,2,2,1,1,0.026999999999999996,0.0267386033835890250478209004058498775200893000189377015278388599323814529979934110016837031
15,1,2,1,1,0.026999999999999996,0.0267826414546663273420866341027423445808790212803280765045074813644431380977511154789012767
16,3,2,3,1,0.026999999999999996,0.0267927622047438835325130456221935547812454449450380301181729064300848850977669774325524183
17,0,0,4,1,0.008000000000000002,0.00824154280359957372000870050000436442516838361817255401075632354279755451561649999050773408
18,0,0,0,1,0.008000000000000002,0.00824144872856595094593877485190425259562244450568891076717213491974217212394615861178765905
19,2,0,0,1,0.008000000000000002,0.00823023405407953950037812729896707857462331668569761422041917335915673481112730728098041453
20,1,0,1,1,0.026999999999999996,0.0271942023165331142473978907702739840614780967649291312687686212589286212461086761063709201
21,0,2,4,1,0.026999999999999996,0.0268668204713797632234153440747362465901859519848147616075840737581345509724468401995637064
22,1,0,4,1,0.008000000000000002,0.00818294191598263518757451431109215818179925922319151847955067292915939150953857434384700694
23,1,2,2,1,0.026999999999999996,0.0268547906592230341745412607025672149068793226646499098849972009813090327639268817418579726
24,3,0,4,1,0.008000000000000002,0.00815679627637897633540250230954421533277583393313087299114411837915276157298110842073354714
25,0,2,1,1,0.06400000000000002,0.0638912943144164907546112129085934503328213416293262020911159694917610450699896692267117753
26,1,2,3,1,0.06400000000000002,0.0639022548194813808514949577019686336001884150996759013251448147123519950789299523125457676
27,3,2,1,1,0.06400000000000002,0.0639140116021594759882331752324126160530773373931368652938450352124619779075640700466106081
28,0,0,2,0,0.06400000000000002,0.0639080743935402821368263529160301659901826319433796678500871473556671873129179626876033503
29,2,0,2,0,0.026999999999999996,0.0269097172079391663178469762570901626204239390897888429141159031127995212888695166237841752
30,1,0,2,0,0.026999999999999996,0.0269230530866790817265436506983426895949376283516599390279413745941588800318883597136001134
31,3,0,2,0,0.026999999999999996,0.0269312473345156195947538982893982514689922095398660098700301176920054668275302967568111809
32,3,0,3,1,0.026999999999999996,0.0270912720036156067665522601259045150280554005816878023608314346248033799320288343844725098
33,0,2,3,1,0.125,0.124946325093462542846197560174319300106461637467728603355729896132859258570914229531223658
34,0,2,2,0,0.125,0.125065376686222655779051809226255244932369092889265171215041709461634845513271859811094548
35,2,2,3,0,0.7290000000000001,0.729051432029333277084825466046388338909007755183293570088502059926738064264620691648784356
36,3,0,0,1,0.026999999999999996,0.0270522828865220999320073880952559062075445396737983165420718166264387306131250141566001759
37,3,2,4,1,0.06400000000000002,0.0639627019352789867928613043206608149421709586783361715905235414347835073027562077333996504
38,3,2,2,0,0.06400000000000002,0.0640472519457148530584883512453018877354385592842315342896262861411160337600618456473782345
39,2,2,1,0,0.5120000000000001,0.512043304154217375825072073179880770311268368959362540405738914135397494671871699234243615
40,3,2,1,0,0.7290000000000001,0.729041217785415004147190977510976822699342650841947165997077144111709940531410146186446351
41,0,0,2,1,0.125,0.125040660739913964640091957703509914666692671331078711885692828957673264585378620112001604
42,0,2,3,0,0.5120000000000001,0.51203850102461612462116002966448964009502710312327811101298306683100803392762091742309662
43,0,0,4,0,0.7290000000000001,0.728961431214366699276449086757033464977174626100044666861901711144914163774655689150114633
44,1,2,2,0,0.125,0.125041311012001315708817332708649553604537691344626890459133331486441356009218858581466582
45,0,0,1,0,0.5120000000000001,0.511963220066766368739717384426515081909068234039725950587155592605175470140330467124413883
46,0,2,2,1,0.21599999999999997,0.215962391355898520289787109493425626826134168826979574737733893074814123675264576168290398
47,0,0,3,0,0.3429999999999999,0.342963245126067120692587551914441861055311915136292065781495343185224035676361848367573343
48,2,0,3,0,0.5120000000000001,0.51196527335854438190639673880449245858041535005350778380265797434629972878940333893702079
49,1,2,1,0,0.5120000000000001,0.512034548088135795288128662094824752219704948031295885402985201734294825998248264564780182
50,2,0,1,0,0.21599999999999997,0.215966589122551814676703099243065750512579381588991374604779548705995718300271309059172579
51,1,2,0,0,0.7290000000000001,0.729033229848634093905114771160341239698308781743960001723718822710455200681214515028008078
52,2,2,2,1,0.21599999999999997,0.215967740941115260089606977348707843724350333770158827439076850176147731911080171316556233
53,2,2,2,0,0.008000000000000002,0.00803608597449467533938585641885256421526695431076788330761701589936518884073601182945228826
54,1,0,2,1,0.125,0.125031687519871359117210382111881675102765557458663354541602142520857025280330131805254167
55,1,2,3,0,0.5120000000000001,0.512029764804001913576848390815437516966628567356480595934584186716554376288351062950584644
56,2,2,0,0,0.3429999999999999,0.343028303894038928924014014655918153539999842556745311094145691623112664486259715485676006
57,1,2,4,0,0.7290000000000001,0.729027482078883294116100518854194554061515667481848097030874258781225338685976118445756901
58,3,2,3,0,0.5120000000000001,0.512027849379173039849953264405274602524830271261651999325003575261656410718699202208192466
59,1,0,1,0,0.3429999999999999,0.342972297987543202409397809992279881259117865010777088996474927116566804278320686803966266
