q,raw_rank,controlled_rank,raw_cc_y1,ctrl_cc_y1,raw_cc_y2,ctrl_cc_y2,raw_cc_y3,ctrl_cc_y3,raw_cc_y4,ctrl_cc_y4,raw_cc_y5,ctrl_cc_y5
1,y3>y2>y5>y1>y4,y3>y2>y1>y5>y4,0.5351368988787392,0.5173889521486689,0.5785126841022358,0.5193863386857266,0.6449577990033915,0.5472461673755149,0.5236638752157223,0.5054973263567184,0.5518407314564735,0.5141712205923034
2,y3>y2>y5>y1>y4,y3>y2>y1>y5>y4,0.5243824560011892,0.5173889521486689,0.5374308523756199,0.5193863386857266,0.5796997273981258,0.5472461673755149,0.5109865545506269,0.5054973263567184,0.5259947672688363,0.5141712205923034
3,y3>y2>y1>y5>y4,y3>y2>y1>y5>y4,0.5173889521486689,0.5173889521486689,0.5193863386857266,0.5193863386857266,0.5472461673755149,0.5472461673755149,0.5054973263567184,0.5054973263567184,0.5141712205923034,0.5141712205923034
4,y3>y1>y2>y5>y4,y3>y2>y1>y5>y4,0.5125523273495186,0.5173889521486689,0.5107804643207386,0.5193863386857266,0.5297974211748793,0.5472461673755149,0.5029431013834658,0.5054973263567184,0.5082222586507652,0.5141712205923034
5,y3>y1>y2>y5>y4,y3>y2>y1>y5>y4,0.5091584622595043,0.5173889521486689,0.5063068900273877,0.5193863386857266,0.5196441175723284,0.5472461673755149,0.5016537344131586,0.5054973263567184,0.5049970932801867,0.5141712205923034
6,y3>y1>y2>y5>y4,y3>y2>y1>y5>y4,0.5067624358807775,0.5173889521486689,0.5038312051770185,0.5193863386857266,0.5133893163366025,0.5472461673755149,0.5009585249597434,0.5054973263567184,0.5031402346181298,0.5141712205923034
7,y3>y1>y2>y5>y4,y3>y2>y1>y5>y4,0.5050553358969531,0.5173889521486689,0.5023953657524146,0.5193863386857266,0.5093669523801043,0.5472461673755149,0.5005657167414064,0.5054973263567184,0.502020763317328,0.5141712205923034
8,y3>y1>y2>y5>y4,y3>y2>y1>y5>y4,0.5038234138305996,0.5173889521486689,0.5015317960170245,0.5193863386857266,0.5066914524281602,0.5472461673755149,0.500337168002038,0.5054973263567184,0.5013227703932376,0.5141712205923034
9,y3>y1>y2>y5>y4,y3>y2>y1>y5>y4,0.5029214751711194,0.5173889521486689,0.5009972111540151,0.5193863386857266,0.5048626720513976,0.5472461673755149,0.50020195122031,0.5054973263567184,0.5008768828700189,0.5141712205923034
10,y3>y1>y2>y5>y4,y3>y2>y1>y5>y4,0.502251677048631,0.5173889521486689,0.5006584940726432,0.5193863386857266,0.5035842695958801,0.5472461673755149,0.5001212417662808,0.5054973263567184,0.5005869348553296,0.5141712205923034
11,y3>y1>y2>y5>y4,y3>y2>y1>y5>y4,0.5017478210614429,0.5173889521486689,0.5004397889073756,0.5193863386857266,0.5026736553221219,0.5472461673755149,0.5000728560806709,0.5054973263567184,0.500395847649013,0.5141712205923034
12,y3>y1>y2>y5>y4,y3>y2>y1>y5>y4,0.5013645626036665,0.5173889521486689,0.500296390824546,0.5193863386857266,0.5020146071033132,0.5472461673755149,0.5000437915613184,0.5054973263567184,0.5002685988302222,0.5141712205923034
13,y3>y1>y2>y5>y4,y3>y2>y1>y5>y4,0.5010703159567241,0.5173889521486689,0.500201193781297,0.5193863386857266,0.5015310862575468,0.5472461673755149,0.5000263201805045,0.5054973263567184,0.5001831590651254,0.5141712205923034
14,y3>y1>y2>y5>y4,y3>y2>y1>y5>y4,0.5008426749009727,0.5173889521486689,0.5001373592002893,0.5193863386857266,0.5011721596963427,0.5472461673755149,0.5000158163237914,0.5054973263567184,0.5001254070412215,0.5141712205923034
15,y3>y1>y2>y5>y4,y3>y2>y1>y5>y4,0.500665460847098,0.5173889521486689,0.5000942085605444,0.5193863386857266,0.5009030073036034,0.5472461673755149,0.5000095022202996,0.5054973263567184,0.5000861557823593,0.5141712205923034
16,y3>y1>y2>y5>y4,y3>y2>y1>y5>y4,0.5005268016311479,0.5173889521486689,0.5000648506586225,0.5193863386857266,0.5006993944044047,0.5472461673755149,0.5000057075613471,0.5054973263567184,0.5000593573166358,0.5141712205923034
17,y3>y1>y2>y5>y4,y3>y2>y1>y5>y4,0.5004178608942389,0.5173889521486689,0.5000447729928085,0.5193863386857266,0.5005441841891072,0.5472461673755149,0.5000034276189568,0.5054973263567184,0.5000409915638079,0.5141712205923034
18,y3>y1>y2>y5>y4,y3>y2>y1>y5>y4,0.5003319814955466,0.5173889521486689,0.500030984775143,0.5193863386857266,0.5004250863782208,0.5472461673755149,0.5000020580858056,0.5054973263567184,0.5000283650274625,0.5141712205923034
19,y3>y1>y2>y5>y4,y3>y2>y1>y5>y4,0.5002640963957276,0.5173889521486689,0.5000214840378157,0.5193863386857266,0.5003331742708742,0.5472461673755149,0.5000012355932212,0.5054973263567184,0.500019661034228,0.5141712205923034
20,y3>y1>y2>y5>y4,y3>y2>y1>y5>y4,0.5002103155723862,0.5173889521486689,0.5000149198433972,0.5193863386857266,0.500261890139862,0.5472461673755149,0.5000007417189047,0.5054973263567184,0.5000136474738623,0.5141712205923034
21,y3>y1>y2>y5>y4,y3>y2>y1>y5>y4,0.50016763112324,0.5173889521486689,0.5000103745795478,0.5193863386857266,0.5002063671940666,0.5472461673755149,0.5000004452090651,0.5054973263567184,0.5000094847844562,0.5141712205923034
22,y3>y1>y2>y5>y4,y3>y2>y1>y5>y4,0.5001337033092571,0.5173889521486689,0.500007221648594,0.5193863386857266,0.5001629604240577,0.5472461673755149,0.5000002672125795,0.5054973263567184,0.5000065986235828,0.5141712205923034
23,y3>y1>y2>y5>y4,y3>y2>y1>y5>y4,0.5001067030820595,0.5173889521486689,0.500005031329542,0.5193863386857266,0.500128917509397,0.5472461673755149,0.500000160370353,0.5054973263567184,0.5000045947683666,0.5141712205923034
24,y3>y1>y2>y5>y4,y3>y2>y1>y5>y4,0.5000851947198132,0.5173889521486689,0.5000035078884709,0.5193863386857266,0.5001021450343412,0.5472461673755149,0.5000000962432811,0.5054973263567184,0.5000032018584739,0.5141712205923034
25,y3>y1>y2>y5>y4,y3>y2>y1>y5>y4,0.5000680473958217,0.5173889521486689,0.5000024472216553,0.5193863386857267,0.5000810404488317,0.547246167375515,0.5000000577563601,0.5054973263567184,0.5000022326530187,0.5141712205923034
26,y3>y1>y2>y5>y4,y3>y2>y1>y5>y4,0.5000543679153306,0.5173889521486689,0.5000017081369351,0.5193863386857266,0.5000643699626679,0.5472461673755149,0.5000000346589512,0.5054973263567184,0.5000015576877108,0.5141712205923034
27,y3>y1>y2>y5>y4,y3>y2>y1>y5>y4,0.5000434491361369,0.517388952148669,0.5000011927756027,0.5193863386857267,0.5000511789169775,0.547246167375515,0.5000000207979126,0.5054973263567184,0.5000010872891749,0.5141712205923034
28,y3>y1>y2>y5>y4,y3>y2>y1>y5>y4,0.5000347301399317,0.5173889521486689,0.50000083320597,0.5193863386857266,0.5000407253788973,0.5472461673755149,0.5000000124800079,0.5054973263567184,0.5000007592516723,0.5141712205923034
29,y3>y1>y2>y5>y4,y3>y2>y1>y5>y4,0.5000277652945413,0.5173889521486689,0.5000005822095376,0.5193863386857266,0.5000324305192761,0.5472461673755149,0.5000000074886305,0.5054973263567184,0.50000053036795,0.5141712205923034
30,y3>y1>y2>y5>y4,y3>y2>y1>y5>y4,0.5000222001013267,0.5173889521486689,0.5000004069296219,0.5193863386857267,0.5000258412406696,0.5472461673755149,0.5000000044934894,0.5054973263567184,0.5000003705937166,0.5141712205923034
31,y3>y1>y2>y5>y4,y3>y2>y1>y5>y4,0.5000177522595883,0.5173889521486689,0.500000284482351,0.5193863386857266,0.5000206018308934,0.5472461673755149,0.5000000026962483,0.5054973263567184,0.5000002590178194,0.5141712205923034
32,y3>y1>y2>y5>y4,y3>y2>y1>y5>y4,0.5000141967682046,0.5173889521486689,0.5000001989175308,0.5193863386857266,0.5000164323242543,0.5472461673755149,0.5000000016178261,0.5054973263567184,0.5000001810740602,0.5141712205923034
33,y3>y1>y2>y5>y4,y3>y2>y1>y5>y4,0.5000113541688621,0.517388952148669,0.5000001391106565,0.5193863386857266,0.5000131118880308,0.5472461673755149,0.500000000970734,0.5054973263567184,0.5000001266089185,0.5141712205923034
34,y3>y1>y2>y5>y4,y3>y2>y1>y5>y4,0.500009081245469,0.5173889521486689,0.5000000972987154,0.5193863386857266,0.5000104660016282,0.5472461673755147,0.5000000005824596,0.5054973263567184,0.5000000885405489,0.5141712205923034
35,y3>y1>y2>y5>y4,y3>y2>y1>y5>y4,0.500007263651541,0.517388952148669,0.5000000680619657,0.5193863386857266,0.5000083565174703,0.5472461673755149,0.5000000003494853,0.5054973263567184,0.5000000619269972,0.5141712205923034
36,y3>y1>y2>y5>y4,y3>y2>y1>y5>y4,0.5000058100560258,0.5173889521486688,0.5000000476151503,0.5193863386857267,0.5000066739248652,0.5472461673755149,0.5000000002096959,0.5054973263567184,0.5000000433180799,0.5141712205923034
37,y3>y1>y2>y5>y4,y3>y2>y1>y5>y4,0.5000046474883666,0.5173889521486689,0.500000033313697,0.5193863386857266,0.5000053313072177,0.5472461673755149,0.5000000001258199,0.5054973263567184,0.5000000303041721,0.5141712205923034
38,y3>y1>y2>y5>y4,y3>y2>y1>y5>y4,0.5000037176329227,0.5173889521486689,0.5000000233094567,0.5193863386857266,0.5000042596072628,0.5472461673755148,0.5000000000754932,0.5054973263567184,0.5000000212018334,0.5141712205923034
39,y3>y1>y2>y5>y4,y3>y2>y1>y5>y4,0.5000029738763775,0.5173889521486688,0.5000000163105476,0.5193863386857266,0.5000034039070954,0.5472461673755149,0.5000000000452965,0.5054973263567184,0.5000000148346327,0.5141712205923034
40,y3>y1>y2>y5>y4,y3>y2>y1>y5>y4,0.5000023789533329,0.5173889521486688,0.5000000114137434,0.5193863386857267,0.500002720498564,0.5472461673755149,0.5000000000271781,0.5054973263567184,0.5000000103802533,0.5141712205923034
41,y3>y1>y2>y5>y4,y3>y2>y1>y5>y4,0.5000019030677366,0.5173889521486689,0.5000000079874382,0.5193863386857267,0.500002174571333,0.5472461673755149,0.5000000000163071,0.5054973263567184,0.500000007263784,0.5141712205923034
42,y3>y1>y2>y5>y4,y3>y2>y1>y5>y4,0.5000015223932194,0.5173889521486688,0.5000000055898981,0.5193863386857267,0.5000017383851073,0.5472461673755149,0.5000000000097843,0.5054973263567184,0.500000005083213,0.5141712205923034
43,y3>y1>y2>y5>y4,y3>y2>y1>y5>y4,0.5000012178754255,0.5173889521486688,0.5000000039121439,0.5193863386857266,0.5000013898223703,0.5472461673755147,0.5000000000058706,0.5054973263567184,0.5000000035573876,0.5141712205923034
44,y3>y1>y2>y5>y4,y3>y2>y1>y5>y4,0.5000009742752068,0.5173889521486691,0.5000000027380301,0.5193863386857267,0.5000011112408642,0.547246167375515,0.5000000000035224,0.5054973263567184,0.5000000024896545,0.5141712205923034
45,y3>y1>y2>y5>y4,y3>y2>y1>y5>y4,0.5000007794040333,0.5173889521486689,0.5000000019163389,0.5193863386857266,0.5000008885626624,0.5472461673755149,0.5000000000021135,0.5054973263567184,0.5000000017424482,0.5141712205923034
46,y3>y1>y2>y5>y4,y3>y2>y1>y5>y4,0.500000623512874,0.5173889521486689,0.5000000013412679,0.5193863386857267,0.5000007105503176,0.5472461673755149,0.5000000000012681,0.5054973263567184,0.5000000012195276,0.5141712205923035
47,y3>y1>y2>y5>y4,y3>y2>y1>y5>y4,0.5000004988036567,0.5173889521486689,0.5000000009387859,0.5193863386857266,0.5000005682311562,0.5472461673755149,0.5000000000007608,0.5054973263567184,0.5000000008535578,0.5141712205923034
48,y3>y1>y2>y5>y4,y3>y2>y1>y5>y4,0.5000003990386641,0.5173889521486689,0.5000000006570893,0.5193863386857266,0.5000004544390483,0.5472461673755147,0.5000000000004565,0.5054973263567184,0.5000000005974234,0.5141712205923034
49,y3>y1>y2>y5>y4,y3>y2>y1>y5>y4,0.500000319228198,0.5173889521486689,0.5000000004599259,0.5193863386857266,0.5000003634494389,0.5472461673755149,0.5000000000002739,0.5054973263567184,0.5000000004181563,0.5141712205923034
50,y3>y1>y2>y5>y4,y3>y2>y1>y5>y4,0.5000002553808055,0.5173889521486688,0.5000000003219262,0.5193863386857266,0.5000002906884918,0.5472461673755147,0.5000000000001644,0.5054973263567184,0.5000000002926852,0.5141712205923034
