q,raw_rank,controlled_rank,raw_score_A1,ctrl_score_A1,raw_score_A2,ctrl_score_A2,raw_score_A3,ctrl_score_A3,raw_score_A4,ctrl_score_A4
2,A2>A4>A3>A1,A2>A3>A4>A1,0.0118420649786343703132382177545,0.0247550111941725910599260998445,0.31051668833864052125569649972,0.238404387576994644596171246211,0.251967329043881502337338844035,0.207442724579070937867224822365,0.26494613054147934636687860197,0.198345501412174337727233143468
3,A2>A3>A4>A1,A2>A3>A4>A1,0.0247550111941725910599260998445,0.0247550111941725910599260998445,0.238404387576994644596171246211,0.238404387576994644596171246211,0.207442724579070937867224822365,0.207442724579070937867224822365,0.198345501412174337727233143468,0.198345501412174337727233143468
4,A2>A3>A4>A1,A2>A3>A4>A1,0.0316967814527335215810398940344,0.0247550111941725910599260998445,0.175919595672569688164378238641,0.238404387576994644596171246211,0.154795600486044825134700565944,0.207442724579070937867224822365,0.137061678818977886429500026761,0.198345501412174337727233143468
5,A2>A3>A4>A1,A2>A3>A4>A1,0.0328917141805282411891036987467,0.0247550111941725910599260998445,0.129679792343898367878541267356,0.238404387576994644596171246211,0.110359369071460016130448972708,0.207442724579070937867224822365,0.0920351723607115262067939490796,0.198345501412174337727233143468
6,A2>A3>A4>A1,A2>A3>A4>A1,0.0306326232679160562144750014987,0.0247550111941725910599260998445,0.0963423495619435038797288214355,0.238404387576994644596171246211,0.076900352935155962212257531684,0.207442724579070937867224822365,0.0612842470054779236042121455524,0.198345501412174337727233143468
7,A2>A3>A4>A1,A2>A3>A4>A1,0.0268438973046368690705166871298,0.0247550111941725910599260998445,0.0721875066992346772821144151883,0.238404387576994644596171246211,0.0529749485023010580570283955398,0.207442724579070937867224822365,0.0408190061873789665760177485854,0.198345501412174337727233143468
8,A2>A3>A4>A1,A2>A3>A4>A1,0.0226916408043132816087786690505,0.0247550111941725910599260998445,0.0544919215582872173633264438612,0.238404387576994644596171246211,0.0363009090329513680921935704926,0.207442724579070937867224822365,0.0272930952415070608861760594947,0.198345501412174337727233143468
9,A2>A3>A1>A4,A2>A3>A4>A1,0.018765905343914582271744917182,0.0247550111941725910599260998445,0.041391746860316372164323976476,0.238404387576994644596171246211,0.0248296719932276219777221303108,0.207442724579070937867224822365,0.0183423791230329381116970562439,0.198345501412174337727233143468
10,A2>A3>A1>A4,A2>A3>A4>A1,0.0153110353030898594016164768385,0.0247550111941725910599260998445,0.0316087190066468701867130053899,0.238404387576994644596171246211,0.0169853355421501315240179332807,0.207442724579070937867224822365,0.0123917062412976223993323618549,0.198345501412174337727233143468
11,A2>A1>A3>A4,A2>A3>A4>A1,0.0123882932904055937411353276076,0.0247550111941725910599260998445,0.0242504181676098712389014021578,0.238404387576994644596171246211,0.0116328524691727447795745153193,0.207442724579070937867224822365,0.00841259655565206443824251737117,0.198345501412174337727233143468
12,A2>A1>A3>A4,A2>A3>A4>A1,0.00997218090811793978080469930252,0.0247550111941725910599260998445,0.0186823928221422437486764015689,0.238404387576994644596171246211,0.00798064491177478317422387507555,0.207442724579070937867224822365,0.00573621419378179705133080252883,0.198345501412174337727233143468
13,A2>A1>A3>A4,A2>A3>A4>A1,0.00800242094085144240093106644053,0.0247550111941725910599260998445,0.0144468843539290766880897587515,0.238404387576994644596171246211,0.00548559372118326047128462767156,0.207442724579070937867224822365,0.00392621904779342947593514132891,0.198345501412174337727233143468
14,A2>A1>A3>A4,A2>A3>A4>A1,0.00641001184292684538863478893098,0.0247550111941725910599260998445,0.0112098352387269874944457926195,0.238404387576994644596171246211,0.00377795615112220772347866972803,0.207442724579070937867224822365,0.00269617431351789440113254749168,0.198345501412174337727233143468
15,A2>A1>A3>A4,A2>A3>A4>A1,0.00512917615790367949628709861401,0.0247550111941725910599260998445,0.00872527819609879086170305999576,0.238404387576994644596171246211,0.00260678802324713871692887022649,0.207442724579070937867224822365,0.00185669217926370826819061050828,0.198345501412174337727233143468
16,A2>A1>A3>A4,A2>A3>A4>A1,0.00410203821945359023661630169642,0.0247550111941725910599260998445,0.00681078399994907587046829013099,0.238404387576994644596171246211,0.00180182904494238485207992478577,0.207442724579070937867224822365,0.00128165463016527662739625144938,0.198345501412174337727233143468
17,A2>A1>A3>A4,A2>A3>A4>A1,0.0032797616364478145945579578407,0.0247550111941725910599260998445,0.00533020198927591886840621844366,0.238404387576994644596171246211,0.00124742044692152215764446829988,0.207442724579070937867224822365,0.00088651736777534352773747583003,0.198345501412174337727233143468
18,A2>A1>A3>A4,A2>A3>A4>A1,0.00262209891784380779972040530473,0.0247550111941725910599260998445,0.00418135311897340014407081413357,0.238404387576994644596171246211,0.000864833835258476913043434391117,0.207442724579070937867224822365,0.000614267180585171664482459243371,0.198345501412174337727233143468
19,A2>A1>A3>A4,A2>A3>A4>A1,0.00209633436940809646013246947263,0.0247550111941725910599260998445,0.00328716069888696765305458558282,0.238404387576994644596171246211,0.000600348741269800244710123707428,0.207442724579070937867224822365,0.000426255150830220975592443678032,0.198345501412174337727233143468
20,A2>A1>A3>A4,A2>A3>A4>A1,0.00167608863410886095011847301382,0.0247550111941725910599260998445,0.00258920530443600204805364511232,0.238404387576994644596171246211,0.000417215340606234041569027536723,0.207442724579070937867224822365,0.000296162147360587771728489183584,0.198345501412174337727233143468
21,A2>A1>A3>A4,A2>A3>A4>A1,0.00134019082457167924056180374649,0.0247550111941725910599260998445,0.00204300899947355823149568107809,0.238404387576994644596171246211,0.000290230200785827539350923014815,0.207442724579070937867224822365,0.000205994998921056139706395528932,0.198345501412174337727233143468
22,A2>A1>A3>A4,A2>A3>A4>A1,0.00107169463125897694199040933022,0.0247550111941725910599260998445,0.0016145640884697185371206271726,0.238404387576994644596171246211,0.000202067448878152268456735715646,0.207442724579070937867224822365,0.000143411094386831300237166650115,0.198345501412174337727233143468
23,A2>A1>A3>A4,A2>A3>A4>A1,0.000857053985982247592528608941745,0.0247550111941725910599260998445,0.00127776390483179529561672858363,0.238404387576994644596171246211,0.000140790426191957299164674938774,0.207442724579070937867224822365,0.000099919376090532159324948231647,0.198345501412174337727233143468
24,A2>A1>A3>A4,A2>A3>A4>A1,0.000685447688661734662844831635411,0.0247550111941725910599260998445,0.0010124913939502918737461647935,0.238404387576994644596171246211,0.0000981589857155932305888911582162,0.207442724579070937867224822365,0.0000696639571017902637684536000667,0.198345501412174337727233143468
25,A2>A1>A3>A4,A2>A3>A4>A1,0.000548233074819199861491302411765,0.0247550111941725910599260998445,0.000803190029302845445193330431248,0.238404387576994644596171246211,0.0000684746020822692188299436729364,0.207442724579070937867224822365,0.0000485977206388959884380739539012,0.198345501412174337727233143468
26,A2>A1>A3>A4,A2>A3>A4>A1,0.000438507237813289052089597285597,0.0247550111941725910599260998445,0.000637790232614009064296626837663,0.238404387576994644596171246211,0.000047790166719026768671391852229,0.207442724579070937867224822365,0.0000339185321799381591982111369782,0.198345501412174337727233143468
27,A2>A1>A3>A4,A2>A3>A4>A1,0.000350756015318541344989724961093,0.0247550111941725910599260998445,0.000506899120830088494910666467724,0.238404387576994644596171246211,0.0000333678662929984224645432956201,0.207442724579070937867224822365,0.0000236832278813831649912080732293,0.198345501412174337727233143468
28,A2>A1>A3>A4,A2>A3>A4>A1,0.000280573744706360720831043056826,0.0247550111941725910599260998445,0.000403186247118459115728394566048,0.238404387576994644596171246211,0.0000233063488093505018854826985103,0.207442724579070937867224822365,0.0000165425021046330041280684586506,0.198345501412174337727233143468
29,A2>A1>A3>A4,A2>A3>A4>A1,0.000224439710423271533568842393421,0.0247550111941725910599260998445,0.000320915912129962382681558715797,0.238404387576994644596171246211,0.0000162837465344175268632906918668,0.207442724579070937867224822365,0.0000115583417185254773307533071145,0.198345501412174337727233143468
30,A2>A1>A3>A4,A2>A3>A4>A1,0.0001795398515571280749258060224,0.0247550111941725910599260998445,0.00025558959491793280501531954648,0.238404387576994644596171246211,0.0000113802027085771187715971569274,0.207442724579070937867224822365,0.00000807801569829715192692934415303,0.198345501412174337727233143468
31,A2>A1>A3>A4,A2>A3>A4>A1,0.000143624546052555791702830855694,0.0247550111941725910599260998445,0.000203671494426150089444708479959,0.238404387576994644596171246211,0.00000795508943863673320750244752181,0.207442724579070937867224822365,0.00000564692806068877400178356974169,0.198345501412174337727233143468
32,A2>A1>A3>A4,A2>A3>A4>A1,0.000114895136596291315654603932873,0.0247550111941725910599260998445,0.000162377075055396560492183827738,0.238404387576994644596171246211,0.00000556193090755134448547191164988,0.207442724579070937867224822365,0.00000394824547315229882383239110549,0.198345501412174337727233143468
33,A2>A1>A3>A4,A2>A3>A4>A1,0.0000919133560680651066166559255796,0.0247550111941725910599260998445,0.000129509579066738036001450959668,0.238404387576994644596171246211,0.00000388937252144113892136372134229,0.207442724579070937867224822365,0.00000276101212344592058616847093488,0.198345501412174337727233143468
34,A2>A1>A3>A4,A2>A3>A4>A1,0.0000735290045368276600202439433207,0.0247550111941725910599260998445,0.000103333208290045117955750901738,0.238404387576994644596171246211,0.00000272017325732056603131918446815,0.207442724579070937867224822365,0.00000193105405869634781262587075855,0.198345501412174337727233143468
35,A2>A1>A3>A4,A2>A3>A4>A1,0.0000588221802517890453146952915285,0.0247550111941725910599260998445,0.0000824744490386734749418830353529,0.238404387576994644596171246211,0.00000190268875903883493400501004545,0.207442724579070937867224822365,0.0000013507458829355700825949772863,0.198345501412174337727233143468
36,A2>A1>A3>A4,A2>A3>A4>A1,0.0000470571220537381145898383894501,0.0247550111941725910599260998445,0.0000658450773666120348765496509215,0.238404387576994644596171246211,0.00000133102261178568416964722311393,0.207442724579070937867224822365,0.000000944927292404995706085889311333,0.198345501412174337727233143468
37,A2>A1>A3>A4,A2>A3>A4>A1,0.0000376453200130044946742843100337,0.0247550111941725910599260998445,0.0000525819248191850813406546544949,0.238404387576994644596171246211,0.000000931200113643092596058419946211,0.207442724579070937867224822365,0.000000661092383914966720748180848235,0.198345501412174337727233143468
38,A2>A1>A3>A4,A2>A3>A4>A1,0.0000301160271122385556347330942574,0.0247550111941725910599260998445,0.0000419996440217127507606330237446,0.238404387576994644596171246211,0.000000651530649580579100289742685019,0.207442724579070937867224822365,0.000000462550723590329905978951129415,0.198345501412174337727233143468
39,A2>A1>A3>A4,A2>A3>A4>A1,0.0000240926831112314984078830784915,0.0247550111941725910599260998445,0.0000335535881943675498206327393429,0.238404387576994644596171246211,0.000000455885796220449867365843374946,0.207442724579070937867224822365,0.000000323657183078716471437835402452,0.198345501412174337727233143468
40,A2>A1>A3>A4,A2>A3>A4>A1,0.0000192740626796627347819165677334,0.0247550111941725910599260998445,0.0000268105816703925130989626089415,0.238404387576994644596171246211,0.00000031900866205184983851212571149,0.207442724579070937867224822365,0.000000226483055922208776327113706263,0.198345501412174337727233143468
41,A2>A1>A3>A4,A2>A3>A4>A1,0.0000154191995044973918267287023653,0.0247550111941725910599260998445,0.0000214258631326167083830068727344,0.238404387576994644596171246211,0.000000223239226166607255457369297136,0.207442724579070937867224822365,0.000000158491966719728090909480729698,0.198345501412174337727233143468
42,A2>A1>A3>A4,A2>A3>A4>A1,0.0000123353290312379029867856884375,0.0247550111941725910599260998445,0.0000171248689716334792830465232928,0.238404387576994644596171246211,0.000000156227355917918097711262377537,0.207442724579070937867224822365,0.000000110916678705280821182403555141,0.198345501412174337727233143468
43,A2>A1>A3>A4,A2>A3>A4>A1,0.00000986824478077655258866071538245,0.0247550111941725910599260998445,0.0000136888201073469520309807540736,0.238404387576994644596171246211,0.000000109335087687886959545324624096,0.207442724579070937867224822365,0.0000000776250590230613188814920745989,0.198345501412174337727233143468
44,A2>A1>A3>A4,A2>A3>A4>A1,0.00000789458470429421855603048077656,0.0247550111941725910599260998445,0.0000109433035390368886730812055756,0.238404387576994644596171246211,0.0000000765201245022730471297857122147,0.207442724579070937867224822365,0.0000000543275730380031432875758893402,0.198345501412174337727233143468
45,A2>A1>A3>A4,A2>A3>A4>A1,0.00000631566106253017264164967393991,0.0247550111941725910599260998445,0.00000874921604953232596427146142578,0.238404387576994644596171246211,0.000000053555425021342822090476517208,0.207442724579070937867224822365,0.0000000380233208418391344898171459258,0.198345501412174337727233143468
46,A2>A1>A3>A4,A2>A3>A4>A1,0.00000505252481416335871920563969329,0.0247550111941725910599260998445,0.00000699557409299662131359044905139,0.238404387576994644596171246211,0.000000037483600235661849783667966233,0.207442724579070937867224822365,0.0000000266127367594899938380608075286,0.198345501412174337727233143468
47,A2>A1>A3>A4,A2>A3>A4>A1,0.00000404201742164275119744382837299,0.0247550111941725910599260998445,0.00000559380015204295444658906737227,0.238404387576994644596171246211,0.0000000262354017969241473476270439326,0.207442724579070937867224822365,0.0000000186267632042947876825902236291,0.198345501412174337727233143468
48,A2>A1>A3>A4,A2>A3>A4>A1,0.00000323361247514285845647173420628,0.0247550111941725910599260998445,0.00000447317873613283130228305328779,0.238404387576994644596171246211,0.0000000183629102368258830354898887292,0.207442724579070937867224822365,0.0000000130374428118625468209278260264,0.198345501412174337727233143468
49,A2>A1>A3>A4,A2>A3>A4>A1,0.00000258688910048697197974697384437,0.0247550111941725910599260998445,0.00000357724001913020974627233964983,0.238404387576994644596171246211,0.0000000128529145530828869534962272608,0.207442724579070937867224822365,0.00000000912543515225006153491766531837,0.198345501412174337727233143468
50,A2>A1>A3>A4,A2>A3>A4>A1,0.0000020695107513736441487313773084,0.0247550111941725910599260998445,0.00000286087993649934045363746145322,0.238404387576994644596171246211,0.0000000089963666195063261181425503321,0.207442724579070937867224822365,0.00000000638733973825909153026254100883,0.198345501412174337727233143468
