q,raw_rank,controlled_rank,raw_score_Y1,ctrl_score_Y1,raw_score_Y2,ctrl_score_Y2,raw_score_Y3,ctrl_score_Y3,raw_score_Y4,ctrl_score_Y4,ctrl_weight_C1,ctrl_weight_C2,ctrl_weight_C3,ctrl_weight_C4,ctrl_weight_C5
4,Y2>Y1>Y4>Y3,Y2>Y1>Y4>Y3,0.197311301737149340435150284249,0.197311301737149340435150284249,0.318649028410913419278672823456,0.318649028410913419278672823456,0.109823805249211840537984080618,0.109823805249211840537984080618,0.145351147538512096130167957505,0.145351147538512096130167957505,0.191704161165001881941810096656,0.205199770658628190398659251015,0.192470989667732469530051675286,0.222056351168630631194458323455,0.188568727340006826935020653588
5,Y2>Y1>Y4>Y3,Y2>Y1>Y4>Y3,0.165118582554395611591509751657,0.197024495654395307819837473751,0.267265896391175933415981407383,0.319813868934073884188756209741,0.0976638864240418154286201602457,0.107975346968650532725547228663,0.120682584615194510444496743224,0.143713841794094107090105462838,0.193168311816000190074539283673,0.205074350210760088707606046781,0.192208360455244614779568672269,0.219013041633987859215196212417,0.19053593588400724722308978486
6,Y2>Y1>Y4>Y3,Y2>Y1>Y4>Y3,0.134233938792678525802772356174,0.197148235479230792003784284799,0.221859469300197380405887430429,0.320776744081065122956294354457,0.0831047376610187311898100289186,0.106574614078604621412496271677,0.0969286431488252529081931631597,0.142324341383288978754500204892,0.194660875452133676234849337046,0.204574337842620971862116125686,0.192454988014730228744890107761,0.216430556607229424806694395952,0.191879242083285698351450033555
7,Y2>Y1>Y4>Y3,Y2>Y1>Y4>Y3,0.107337944186953804965626978676,0.197371484137270762113621935652,0.184132168945147807337060011842,0.321492076741396623972352912522,0.0688264176476886433190088745554,0.105517255412424596117182597155,0.0762894725271256670418583517917,0.141242285948706922705277813377,0.195856163893723268989442020896,0.204040700544649253655381513225,0.192873371740742754783470427183,0.214366765423538918438523547617,0.192862998397345804133182491078
8,Y2>Y1>Y4>Y3,Y2>Y1>Y4>Y3,0.0850324171914196610501207937713,0.197598308118987226187274912725,0.153520185775548256339825575524,0.322016097441308725913908930609,0.0560246300113679498418926347309,0.104702119451634556820819665892,0.0592997427162364816919028251714,0.140406966026224978734779124902,0.19676424752350767763176911359,0.203563673249958594141565023877,0.193329350911061440778350061742,0.212721729892439337115629554832,0.193620998423032950332686245959
9,Y2>Y1>Y4>Y3,Y2>Y1>Y4>Y3,0.0670267255666486662041789706566,0.19780169053629019331919671265,0.128842157524575632706781069671,0.322403896107311214544803721017,0.0450922820834740002942269122735,0.104058347977192008133138485705,0.0457463925391074413590289263928,0.139754743522588750453357546031,0.197449221669083491749192645222,0.203158408086123393154228699736,0.193770972831866436348477677284,0.211394818218573970300821685896,0.194226579194352708447279291863
10,Y2>Y1>Y3>Y4,Y2>Y1>Y4>Y3,0.0527131827076676764899756604333,0.197976805269643969689060218495,0.108906924659115680558469998284,0.322695761302966684721892974302,0.036023783350219515040020939239,0.103538491739282372092575264824,0.0351381586093457090657747206302,0.13923698358352563127837078354,0.19796967327317417900173184145,0.202818908159263612080843012539,0.194179753658678233154193262004,0.210308233187095053504613299554,0.194723431721788922258618584452
11,Y2>Y1>Y3>Y4,Y2>Y1>Y4>Y3,0.0414313510432746854445100782107,0.198125688284519612145779108909,0.0927016355828475281272487576284,0.322919402895344259203201773492,0.0286376104701410573897067058279,0.103110508616402565565550664325,0.026930966920295001171546737596,0.138818905827959738444680594757,0.198369864807693750377462921879,0.202534607409922093499567792307,0.194550991783182918313546368575,0.209405087530930959090844700638,0.195139448468270278718578216601
12,Y2>Y1>Y3>Y4,Y2>Y1>Y4>Y3,0.0325778534208817414324256693217,0.198252092030604215816456436071,0.079420500455607151504228540399,0.323093731233094088269699731078,0.022692465016416583670849072977,0.102752278012202700060922008219,0.0206251960520645487408869620136,0.138475887128124356520964342712,0.198681616412731582677309614884,0.202295306591188674195073021811,0.194885578601471970447424241903,0.208644065818030577916996381564,0.195493432576577194763196739837
13,Y2>Y1>Y3>Y4,Y2>Y1>Y4>Y3,0.0256423076636771684127057117784,0.198359785899007759793877467841,0.068440324920196018102620493112,0.323231775629172536586382788228,0.0179442667543679196114630944786,0.102448146972140904688743792615,0.015799010103340380533276902829,0.138190353346489608508866740135,0.198927580314349663965643583168,0.202092408411773995931344553391,0.195186503242869046707381407167,0.207994895601455945587763275453,0.195798612429551347807867180821
14,Y2>Y1>Y3>Y4,Y2>Y1>Y4>Y3,0.0202100794244341965819119111206,0.198452056542445433776842082041,0.059284018838632200505384250916,0.323342654046716837340640998698,0.0141713932330607039043935520398,0.102186772285462597027801791777,0.0121119982267232789472605264808,0.137949579073501101500026078054,0.199123959520727443484126346601,0.201918997761066729096140378841,0.195457346185959727200477893805,0.207435081606932294825384654719,0.196064614925313805393870726034
15,Y2>Y1>Y3>Y4,Y2>Y1>Y4>Y3,0.0159518306544737739091046291251,0.198531624600963234726253450344,0.0515865568831538491840115243537,0.323432858201343195810944061994,0.0111835040446488102283779541367,0.101959752311118705622644882577,0.00929661638455669940278213507766,0.137744198535213257640960146996,0.199282466606497975688314944638,0.201769602784452793683175134722,0.195701642298113151011718824373,0.206947648000945054311367983937,0.196298640309991025305423112329
16,Y2>Y1>Y3>Y4,Y2>Y1>Y4>Y3,0.0126092572746668701027510027757,0.198600696361797538705110677751,0.0450673194393527438274846104304,0.32350709000011986462295756586,0.00882232489994692175003796884787,0.101760740509317968234323177205,0.00714590996635822021235137496284,0.137567205194373733916664489871,0.199411675932769767201006566464,0.201639908232695799936761863103,0.19592263153555177798808852321,0.206519587670667853214718937968,0.196506196628314801659424109255
17,Y2>Y1>Y3>Y4,Y2>Y1>Y4>Y3,0.00998111837329462877428758013391,0.198661048814516770572260807588,0.0395088971718251273742091481578,0.323568811182089383438801336535,0.00695885266893118383799273688701,0.101584857609035284092287884948,0.00550131685053713689841740853303,0.137413275082849321606594228521,0.199517947562716265616245339152,0.20152650174130419714581646347,0.196123183034109960958096505179,0.206140789787309800699494360299,0.1966915778745597755803473319
18,Y2>Y1>Y3>Y4,Y2>Y1>Y4>Y3,0.00791109605545698598114714990058,0.198714112961763639835461755297,0.0347412801152359700532707604824,0.323620609693119872785807853216,0.00548928097500244906159851654741,0.101428292894745494502492734131,0.00424202159960018882738347607518,0.137278303341714960517043028325,0.199606060356885157555268557828,0.201426669605854324412603552771,0.196305794959067202545315570337,0.205803289059044728738472847667,0.196858186019148586748339471398
19,Y2>Y1>Y3>Y4,Y2>Y1>Y4>Y3,0.00627784404709641379275452937776,0.198761044957808626341193902213,0.0306301949607338020720425418461,0.323664447822723740085049989586,0.00433077280845852870746899155414,0.101288027964504293209479698318,0.00327623445968332934570752177018,0.137159082096977565519623937515,0.199679649581707876944813137237,0.201338238478922175602787814906,0.196472625046271308799394778184,0.205500732711414558545898056357,0.197008754181684080107106213316
20,Y2>Y1>Y3>Y4,Y2>Y1>Y4>Y3,0.00498708570075971309933237692342,0.198802783617483642180526307132,0.0270685235505293520593145422837,0.323701833000153611968248799419,0.00341758370393283771239392072014,0.10116164154844679688828996182,0.00253429591045654968797128101592,0.137053073137981675817380708887,0.199741512816911323594955980971,0.201259454474793840860475909286,0.19662553107769457372483035014,0.205227996514980379731531867245,0.197145505115619882088205892359
21,Y2>Y1>Y3>Y4,Y2>Y1>Y4>Y3,0.00396545060596754214727233885011,0.198840095797376737729466598088,0.0239699715360888691066967131039,0.323733937220715814210102769023,0.00269771843784666082675709752287,0.101047169097527227702484855442,0.00196333797227739609378429852272,0.136958245078409396031290066123,0.199793826427919385066999648053,0.20118889122339745456058305837,0.196766111979921475502706495275,0.204980904220866604091022978509,0.197270266147895080778687819792
22,Y2>Y1>Y3>Y4,Y2>Y1>Y4>Y3,0.00315571404345831604221321155029,0.198873611847593517134711022839,0.0212643698252313168715514833253,0.323761681815337590658390660956,0.00213014717735648940051332859385,0.100943000097258239587078561741,0.0015232028536257252290349425367,0.136872955021499405615546911789,0.199838300660088750835898331185,0.201125379845005271703259549135,0.196895745663968706500374128322,0.204756019750509249082247248122,0.197384554080428021878220743236
23,Y2>Y1>Y3>Y4,Y2>Y1>Y4>Y3,0.00251313734674093330565789687781,0.19890385322837790635864957193,0.0188941606331634711156003999628,0.323785798478313226253269227701,0.00168253664082231939566633287318,0.100847801832108533588414736879,0.00118334614906262837704490485745,0.136795861389580422808574154284,0.19987629211527197926980336026,0.20106795538851131972855352098,0.197015622285128745006180037457,0.204550491287302317655957967868,0.197489638923785638339505113435
24,Y2>Y1>Y3>Y4,Y2>Y1>Y4>Y3,0.00200265880143361813795066485028,0.19893125404803682676217968519,0.0168117461431831346697254756228,0.323806873789769635026662115522,0.00132942598075776061773519742168,0.100760462002252752101028276218,0.000920496845355952983380524145603,0.136725858885131242336234021275,0.199908886280220177695442946745,0.201015815619973786687025748249,0.197126772775282232916525178734,0.204361932893437780063061642914,0.197586592431086022637944483358
25,Y2>Y1>Y3>Y4,Y2>Y1>Y4>Y3,0.00159673616434075522068809228244,0.198956177917522552126216882029,0.0149774691523297791629837140475,0.323825382102410611936964557265,0.00105077303979949282746415217289,0.100680044981667808800158889709,0.00071689261695531316225940352143,0.136662029380725122755331549208,0.199936958758661146868439426095,0.200968289100077958864505088694,0.197230093001432489287139545119,0.204188333605695958760260380927,0.197676325534132446219655559164
26,Y2>Y1>Y3>Y4,Y2>Y1>Y4>Y3,0.00127368652259474584243736448569,0.198978931202100222336718065646,0.0133580602786140189918129592295,0.323841710116658855530615093514,0.000830802342573969069680965259914,0.100605758085428993539752379906,0.000558949575600208351482072025399,0.13660360442000441185220767919,0.199961221183913377834601627535,0.200924810281228399612065278957,0.197326364082282272194914600282,0.204027986897446511617864075689,0.197759617555129438740554417536
27,Y2>Y1>Y3>Y4,Y2>Y1>Y4>Y3,0.00101640544465612015310936847809,0.198999773496719862455954804416,0.0119254325554339593426949480581,0.323856175444643364660740170672,0.000657095510493550310724394208525,0.100536925276213484427053180105,0.000436258960559690047594318109376,0.136549936284138742655914388215,0.199982255988904228774860480082,0.200884899940873479412921285067,0.197416269421813902952803351858,0.203879435407321064957614113282,0.197837139241087323901800769711
28,Y2>Y1>Y3>Y4,Y2>Y1>Y4>Y3,0.000811375733852999690847942256952,0.199018925954589532095230508446,0.0106557370184642938861145449163,0.323869040775881352083436711552,0.000519874712517657741702333805971,0.100472966466039177217193366137,0.000340829490798842890468732680752,0.136500475448558339318649634184,0.200000542985708557748038712886,0.200848149697989099674579475103,0.197500408980145917685530392092,0.203741427234383412649832410481,0.197909471101773012242019009437
29,Y2>Y1>Y3>Y4,Y2>Y1>Y4>Y3,0.000647897836800038463157612071809,0.199036577948108794232400335466,0.00952861618317820989998177985013,0.323880524789412417081923631079,0.000411438943927751576363428902051,0.100413381072953324820234204712,0.000266514279653220108821441046194,0.136454752857812256771771347419,0.200016479863996472334769436328,0.200814209675291294277242548616,0.197579311238994974797428309791,0.203612881084386181569074808521,0.197977118137331077021484896744
30,Y2>Y1>Y3>Y4,Y2>Y1>Y4>Y3,0.000517490435183645307273251966565,0.19905289242763044325883616487,0.00852660894253468850799200122506,0.323890810634384629418586324922,0.000325720857865140444108161312411,0.100357734846698187397824074366,0.000208576516540066035965171121765,0.136412365869433632586091245305,0.200030398131484685789009006393,0.200782778601737474764360934772,0.197653443251589531934106543144,0.203492858252935674473978803878,0.198040521762252633038544711813
31,Y2>Y1>Y3>Y4,Y2>Y1>Y4>Y3,0.000413422162508954854547006622441,0.199068010257793829706877627989,0.00763467236458416643846614756778,0.323900052575826055667035584636,0.000257938475406195848466545534479,0.100305649229859497089422853678,0.000163359628851171233195284800668,0.136372967017942516569926787479,0.20004257560719825698192629598,0.200753595821063535201759581981,0.197723219103623028879665981076,0.203380539936371460465124104611,0.198100069531743718471524036352
32,Y2>Y1>Y3>Y4,Y2>Y1>Y4>Y3,0.00033034472043763853699330390724,0.199082053746514646755180837585,0.00683979451957271790962314307697,0.323908381243293355344397692596,0.00020432146895830593961449473066,0.100256792703100584099018246119,0.000128036250078398494579227425778,0.136336254965607195561920107502,0.200053246285411471009755500584,0.200726434799077009489671251877,0.197789007056132580457611185713,0.203275208728731026262880192829,0.198156103130647912780081868996
33,Y2>Y1>Y3>Y4,Y2>Y1>Y4>Y3,0.000264004690346626267078329118739,0.199095129532832650511680946578,0.00613067877726108944481892395359,0.323915907806572831371479503678,0.00016189601871238029991872872434,0.100210873695910442842061787319,0.000100416750663799782244256863347,0.136301967162887215396967847116,0.200062608177923694715493055496,0.200701097817155184958615267587,0.197851135593767986076987145415,0.203176233433430158512045546727,0.198208924977722975736858984775
34,Y2>Y1>Y3>Y4,Y2>Y1>Y4>Y3,0.000211016629427676581345467813904,0.199107330962728691311452201098,0.00549748465864405261468876835287,0.323922727320747497458202148881,0.000128315662372529845771820115333,0.100167634742208668741323986016,0.0000788028855585444471524930741118,0.136269873855993836844510788131,0.200070829590038909178791588374,0.200677411610508900062857544971,0.19790989856231970568444501751,0.203083056518918702043111123896,0.198258803718213783030794725249
35,Y2>Y1>Y3>Y4,Y2>Y1>Y4>Y3,0.00016868404551239942958565376958,0.199118740053757147675447948076,0.00493161377201855930693991951948,0.323928921423330605512458812668,0.000101728260398670242995829824701,0.10012684763304834688526840441,0.000061875693119850315047116988127,0.136239773163699478896246987102,0.20007805417429092309425656432,0.200655223763496161669938207493,0.19796555954668631415581329093,0.2029951836978662370238214441,0.198305978817660364056170493157
36,Y2>Y1>Y3>Y4,Y2>Y1>Y4>Y3,0.000134857886955762543386652765558,0.199129429127695123653023425831,0.00442553194224900985337088780607,0.323934560522351984382942941324,0.0000806713257087105780516537202949,0.10008830937343846151957785641,0.0000486094555446604938334005807919,0.136211487008736216372886241916,0.200084405023867416282307028273,0.200634399715116843338410408876,0.198018355613652539811998437751,0.202912175222991905617602672709,0.198350664424371294949681452391
37,Y2>Y1>Y3>Y4,Y2>Y1>Y4>Y3,0.000107824504968403389283527517333,0.199139462173749941745014213377,0.00397262058846432280830162583752,0.32393970558179830406970856977,0.0000639896370077106702630080056431,0.100051838791834888558826917129,0.0000382055336845964041195819592111,0.136184857736699638056146119523,0.200089988006656331616232140522,0.200614820259074252812689094671,0.198068500521936885864434076704,0.202833638579156642163714206317,0.198393052633175887542930481786
38,Y2>Y1>Y3>Y4,Y2>Y1>Y4>Y3,0.0000862168246738590423942699313887,0.199148895991976102651073457885,0.00356705188644856878063405481606,0.323944409586522096364701338274,0.0000507703650002192903558393242273,0.100017273682590391346036945482,0.0000300413910940838371429959808181,0.136159745291474970011610837299,0.200094894495108295162993525655,0.200596379446853512741459834733,0.198116187484083743775607331749,0.202759222317740314660303939491,0.198433316256214133659635368372
39,Y2>Y1>Y3>Y4,Y2>Y1>Y4>Y3,0.0000689438305805450640898891213251,0.199157781156526318756516885907,0.00320368338777461703602436039165,0.323948718750434220314722639096,0.000040291967733302805595091041209,0.0999844683861048109455858845814,0.0000236312512094395328062509778335,0.136136024843806207864504518158,0.200099203612586419440414959811,0.200578982820907805311212317967,0.198161591550178832076002669775,0.202688610830675087245523556262,0.198471611185651855926846496186
40,Y2>Y1>Y3>Y4,Y2>Y1>Y4>Y3,0.0000551345308287478559658930853527,0.199166162830521148925233427887,0.00287796864527806417159716359123,0.32395267351790151825260666809,0.000031983916242581816119082133883,0.0999532917303902643818231878311,0.0000185956822531343538603459602074,0.136113584790890212606485121953,0.200102984090627252115608086525,0.200562545919569444055914239629,0.198204871671443223766913493387,0.202621519901489583828793193773,0.198508078416870496232770986685
41,Y2>Y1>Y3>Y4,Y2>Y1>Y4>Y3,0.0000440933862621728068073423847823,0.199174081458159502682747853463,0.00258588107729730727644807983887,0.323956309397649077425449463829,0.0000253949426099904372415738579806,0.0999236252725922483340890802312,0.0000146380469744133854673014049619,0.136092325061367451713313343077,0.200106295811444589335844824313,0.200546993006687065859970019095,0.198246172492005353932266073161,0.202557692902057740171097655445,0.198542845787805250700821427986
42,Y2>Y1>Y3>Y4,Y2>Y1>Y4>Y3,0.0000352648304576706234787551985297,0.199181573354824086219360792319,0.00232384883797147842388631660781,0.323959657660289750248980005261,0.0000201679972319569772445262045192,0.0998953617906692556685621262051,0.000011526240794871333139669008064,0.13607215567295465785988872259,0.200109191094527968760598991687,0.200532255987962098533365826951,0.19828562590915174842164328244,0.202496897528464784994604268807,0.198576029479893399289787630115
43,Y2>Y1>Y3>Y4,Y2>Y1>Y4>Y3,0.0000282050071143761328900067470984,0.199188671212070826621355631695,0.00208869888248696211192859465756,0.323962745924268698345218491992,0.0000160204901076556552867926247405,0.099868403984663699406822912214,0.00000907851111274022617844744239625,0.136052995500078374753962799417,0.200111715774187298702874756165,0.200518273483066302744745110054,0.198323352435783693692924081091,0.202438922989015974725122831779,0.19860773531794673013433322091
44,Y2>Y1>Y3>Y4,Y2>Y1>Y4>Y3,0.0000225592433574020877788808744628,0.199195404531307837295170016617,0.00187760875044655294749798425325,0.323965598650072603768554385335,0.0000127286954269985296994339047917,0.0998426633543460535743747217376,0.00000715243136137749202620080096285,0.136034771216861480591534558687,0.200113910105537107714956652979,0.200504990028283774330088716742,0.198359462393390734475333586995,0.202383577573064703041889802859,0.198638059899723680437731240425
45,Y2>Y1>Y3>Y4,Y2>Y1>Y4>Y3,0.0000180440857287162020964833637333,0.199201799997497942244094167882,0.00168806485706322026987882934684,0.323968237558681259315785918509,0.0000101154377657019545040437761474,0.0998180592258986174763369508401,0.00000563631754316530582076714035505,0.136017416387168079425574026784,0.200115809529075223630596256482,0.200492355388952447178788650222,0.198394056959376794491015602569,0.202330686541893729597689501141,0.198667091580701805101909989586
46,Y2>Y1>Y3>Y4,Y2>Y1>Y4>Y3,0.0000144329684501782694789416524966,0.199207881802228664321741822523,0.00151782629550522529876723224701,0.323970681987186282853354198429,0.00000804036593611541764147324169196,0.0997945179050424468600379726262,0.0000044425385786744238266980209841,0.136000870678489613815784583606,0.200117445318224463260521993842,0.20048032396462485661636798298,0.198427229088866824373628380543,0.202280090293010378947961131478,0.198694911335273476801520511156
47,Y2>Y1>Y3>Y4,Y2>Y1>Y4>Y3,0.0000115447752223527609707865950807,0.199213671923884027098186949263,0.00136489332579780681610343433725,0.323972949192081575091822854745,0.00000639226807229177823640885651065,0.0997719719378440533118882868277,0.00000350229710116387097383873244538,0.135985079180534051418159191788,0.200118845129620114400176128746,0.200468854272812917520565572288,0.198459064328040805494982628501,0.202231642757424371007901427922,0.198721593512101791576374242542
48,Y2>Y1>Y3>Y4,Y2>Y1>Y4>Y3,0.00000923470740700654557223275035493,0.199219190371345168225087486413,0.0012274798649604200295275277703,0.323975054608801840813116783031,0.00000508299751343891756110700794792,0.0997503594635551781367584705322,0.00000276155346194225749208912577761,0.135969991812673223049945793831,0.200120033472273561967643670194,0.200457908499571727926154561923,0.198489641533474283570575291247,0.202185209996160719787795251476,0.19874720649851970674783122516
49,Y2>Y1>Y3>Y4,Y2>Y1>Y4>Y3,0.00000738699150495584687912326694062,0.199224455396580468156970420406,0.00110398940629803108867939079983,0.323977012074541528473958301028,0.00000404267027802008438734887249936,0.0997296236463850245610025901974,0.00000217783962027574073880622711073,0.13595556280707490426155844166,0.200121032108819556752240331611,0.20044745210712578967346084982,0.198519033509818610591650304858,0.202140668967727535846666034284,0.198771813306508507135982479427
50,Y2>Y1>Y3>Y4,Y2>Y1>Y4>Y3,0.00000590905406741712722440999865105,0.199229483680612724305362238487,0.0009929938882444378919578445449,0.323978834020144495582328360004,0.00000321586670803398140244142041201,0.0997097121751935522770834416588,0.00000171776651656157782569724063294,0.135941750256523316173571597205,0.200121860399704956600441666394,0.200437453490335832561923492288,0.198547307576355325825516340831,0.202097906442750375142409317951,0.198795472090853509869709182536
