q,matched_rank,expert_canonical_drift,propagated_expert_score_drift,criterion_score_drift,max_matched_score_drift
1,A1>A2>A5>A4>A3,1.1102230246251565e-16,0.0,2.220446049250313e-16,2.220446049250313e-16
2,A1>A2>A5>A4>A3,1.1102230246251565e-16,2.220446049250313e-16,2.220446049250313e-16,2.220446049250313e-16
3,A1>A2>A5>A4>A3,0.0,0.0,0.0,0.0
4,A1>A2>A5>A4>A3,3.3306690738754696e-16,2.220446049250313e-16,2.220446049250313e-16,2.220446049250313e-16
5,A1>A2>A5>A4>A3,3.3306690738754696e-16,2.220446049250313e-16,2.220446049250313e-16,2.220446049250313e-16
6,A1>A2>A5>A4>A3,4.440892098500626e-16,2.220446049250313e-16,2.220446049250313e-16,2.220446049250313e-16
7,A1>A2>A5>A4>A3,4.440892098500626e-16,4.440892098500626e-16,2.220446049250313e-16,4.440892098500626e-16
8,A1>A2>A5>A4>A3,4.440892098500626e-16,2.220446049250313e-16,2.220446049250313e-16,4.440892098500626e-16
9,A1>A2>A5>A4>A3,6.661338147750939e-16,2.220446049250313e-16,2.220446049250313e-16,2.220446049250313e-16
10,A1>A2>A5>A4>A3,6.661338147750939e-16,4.440892098500626e-16,2.220446049250313e-16,2.220446049250313e-16
