q,hybrid,alternative,score_lower,score_upper
3,baseline_3_3,A1,-0.02042449385330904,-0.020424493853309036
3,baseline_3_3,A2,-0.23928741397868608,-0.23928741397868605
3,baseline_3_3,A3,-0.06512409065068622,-0.06512409065068621
3,baseline_3_3,A4,-0.19279457681908518,-0.19279457681908516
3,baseline_3_3,A5,-0.1895626911391807,-0.18956269113918067
3,hybrid_q_3,A1,-0.02042449385330904,-0.020424493853309036
3,hybrid_q_3,A2,-0.23928741397868608,-0.23928741397868605
3,hybrid_q_3,A3,-0.06512409065068622,-0.06512409065068621
3,hybrid_q_3,A4,-0.19279457681908518,-0.19279457681908516
3,hybrid_q_3,A5,-0.1895626911391807,-0.18956269113918067
3,matched_q_q,A1,-0.02042449385330904,-0.020424493853309036
3,matched_q_q,A2,-0.23928741397868608,-0.23928741397868605
3,matched_q_q,A3,-0.06512409065068622,-0.06512409065068621
3,matched_q_q,A4,-0.19279457681908518,-0.19279457681908516
3,matched_q_q,A5,-0.1895626911391807,-0.18956269113918067
4,baseline_3_3,A1,-0.02042449385330904,-0.020424493853309036
4,baseline_3_3,A2,-0.23928741397868608,-0.23928741397868605
4,baseline_3_3,A3,-0.06512409065068622,-0.06512409065068621
4,baseline_3_3,A4,-0.19279457681908518,-0.19279457681908516
4,baseline_3_3,A5,-0.1895626911391807,-0.18956269113918067
4,hybrid_q_3,A1,-0.020131520273168953,-0.02013152027316895
4,hybrid_q_3,A2,-0.23892851907106996,-0.23892851907106993
4,hybrid_q_3,A3,-0.06524895742284649,-0.06524895742284648
4,hybrid_q_3,A4,-0.19293846014418942,-0.1929384601441894
4,hybrid_q_3,A5,-0.18957546122001315,-0.18957546122001312
4,matched_q_q,A1,-0.020409021248346527,-0.020409021248346523
4,matched_q_q,A2,-0.23922052135522895,-0.23922052135522892
4,matched_q_q,A3,-0.06552739531818429,-0.06552739531818427
4,matched_q_q,A4,-0.19319261078297764,-0.19319261078297761
4,matched_q_q,A5,-0.18978613754485765,-0.18978613754485762
5,baseline_3_3,A1,-0.02042449385330904,-0.020424493853309036
5,baseline_3_3,A2,-0.23928741397868608,-0.23928741397868605
5,baseline_3_3,A3,-0.06512409065068622,-0.06512409065068621
5,baseline_3_3,A4,-0.19279457681908518,-0.19279457681908516
5,baseline_3_3,A5,-0.1895626911391807,-0.18956269113918067
5,hybrid_q_3,A1,-0.01997717755591715,-0.019977177555917148
5,hybrid_q_3,A2,-0.23867955204431998,-0.23867955204431995
5,hybrid_q_3,A3,-0.06543096772882329,-0.06543096772882327
5,hybrid_q_3,A4,-0.1930448689697489,-0.19304486896974887
5,hybrid_q_3,A5,-0.1895539641025881,-0.18955396410258807
5,matched_q_q,A1,-0.020475438564648916,-0.020475438564648913
5,matched_q_q,A2,-0.23925003826088145,-0.23925003826088143
5,matched_q_q,A3,-0.06597118031881292,-0.06597118031881291
5,matched_q_q,A4,-0.19350771510766754,-0.1935077151076675
5,matched_q_q,A5,-0.1899444956499749,-0.18994449564997487
6,baseline_3_3,A1,-0.02042449385330904,-0.020424493853309036
6,baseline_3_3,A2,-0.23928741397868608,-0.23928741397868605
6,baseline_3_3,A3,-0.06512409065068622,-0.06512409065068621
6,baseline_3_3,A4,-0.19279457681908518,-0.19279457681908516
6,baseline_3_3,A5,-0.1895626911391807,-0.18956269113918067
6,hybrid_q_3,A1,-0.019894425374761538,-0.019894425374761535
6,hybrid_q_3,A2,-0.23850091738817436,-0.23850091738817433
6,hybrid_q_3,A3,-0.06560208361399149,-0.06560208361399147
6,hybrid_q_3,A4,-0.1930967596446374,-0.19309675964463738
6,hybrid_q_3,A5,-0.18952127521570275,-0.18952127521570272
6,matched_q_q,A1,-0.020582912309831364,-0.02058291230983136
6,matched_q_q,A2,-0.23930811947357836,-0.23930811947357833
6,matched_q_q,A3,-0.06636898267284541,-0.0663689826728454
6,matched_q_q,A4,-0.19372536180886518,-0.19372536180886515
6,matched_q_q,A5,-0.1900601423130561,-0.19006014231305607
7,baseline_3_3,A1,-0.02042449385330904,-0.020424493853309036
7,baseline_3_3,A2,-0.23928741397868608,-0.23928741397868605
7,baseline_3_3,A3,-0.06512409065068622,-0.06512409065068621
7,baseline_3_3,A4,-0.19279457681908518,-0.19279457681908516
7,baseline_3_3,A5,-0.1895626911391807,-0.18956269113918067
7,hybrid_q_3,A1,-0.019849936705588777,-0.019849936705588773
7,hybrid_q_3,A2,-0.23836809239818743,-0.2383680923981874
7,hybrid_q_3,A3,-0.06574856614331141,-0.0657485661433114
7,hybrid_q_3,A4,-0.19311237314312854,-0.1931123731431285
7,hybrid_q_3,A5,-0.18948654877221358,-0.18948654877221355
7,matched_q_q,A1,-0.02070468016488808,-0.020704680164888075
7,matched_q_q,A2,-0.2393715233767858,-0.23937152337678577
7,matched_q_q,A3,-0.06670733978090067,-0.06670733978090065
7,matched_q_q,A4,-0.19387327431728774,-0.1938732743172877
7,matched_q_q,A5,-0.19014771034145048,-0.19014771034145045
8,baseline_3_3,A1,-0.02042449385330904,-0.020424493853309036
8,baseline_3_3,A2,-0.23928741397868608,-0.23928741397868605
8,baseline_3_3,A3,-0.06512409065068622,-0.06512409065068621
8,baseline_3_3,A4,-0.19279457681908518,-0.19279457681908516
8,baseline_3_3,A5,-0.1895626911391807,-0.18956269113918067
8,hybrid_q_3,A1,-0.019826781698824607,-0.019826781698824604
8,hybrid_q_3,A2,-0.2382661543014926,-0.23826615430149256
8,hybrid_q_3,A3,-0.0658710578891282,-0.06587105788912818
8,hybrid_q_3,A4,-0.19310680255518636,-0.19310680255518634
8,hybrid_q_3,A5,-0.1894532644396069,-0.18945326443960686
8,matched_q_q,A1,-0.02082702580161108,-0.020827025801611075
8,matched_q_q,A2,-0.2394322357155051,-0.23943223571550507
8,matched_q_q,A3,-0.06699182642383068,-0.06699182642383067
8,matched_q_q,A4,-0.19397481123743826,-0.19397481123743823
8,matched_q_q,A5,-0.19021612294674714,-0.1902161229467471
9,baseline_3_3,A1,-0.02042449385330904,-0.020424493853309036
9,baseline_3_3,A2,-0.23928741397868608,-0.23928741397868605
9,baseline_3_3,A3,-0.06512409065068622,-0.06512409065068621
9,baseline_3_3,A4,-0.19279457681908518,-0.19279457681908516
9,baseline_3_3,A5,-0.1895626911391807,-0.18956269113918067
9,hybrid_q_3,A1,-0.019815941812827444,-0.01981594181282744
9,hybrid_q_3,A2,-0.23818578787711467,-0.23818578787711464
9,hybrid_q_3,A3,-0.06597333620699468,-0.06597333620699466
9,hybrid_q_3,A4,-0.19308952387517714,-0.1930895238751771
9,hybrid_q_3,A5,-0.18942261048707212,-0.1894226104870721
9,matched_q_q,A1,-0.02094368100186042,-0.020943681001860417
9,matched_q_q,A2,-0.2394877479959998,-0.23948774799599978
9,matched_q_q,A3,-0.06723155553578884,-0.06723155553578883
9,matched_q_q,A4,-0.19404561689267769,-0.19404561689267766
9,matched_q_q,A5,-0.19027096701524823,-0.1902709670152482
10,baseline_3_3,A1,-0.02042449385330904,-0.020424493853309036
10,baseline_3_3,A2,-0.23928741397868608,-0.23928741397868605
10,baseline_3_3,A3,-0.06512409065068622,-0.06512409065068621
10,baseline_3_3,A4,-0.19279457681908518,-0.19279457681908516
10,baseline_3_3,A5,-0.1895626911391807,-0.18956269113918067
10,hybrid_q_3,A1,-0.019812387761178288,-0.019812387761178284
10,hybrid_q_3,A2,-0.23812097650680236,-0.23812097650680233
10,hybrid_q_3,A3,-0.06605926536822766,-0.06605926536822765
10,hybrid_q_3,A4,-0.19306614084524842,-0.1930661408452484
10,hybrid_q_3,A5,-0.1893948439585397,-0.18939484395853967
10,matched_q_q,A1,-0.021052162963155853,-0.02105216296315585
10,matched_q_q,A2,-0.2395376081428609,-0.23953760814286087
10,matched_q_q,A3,-0.06743500862600038,-0.06743500862600037
10,matched_q_q,A4,-0.19409575783028432,-0.1940957578302843
10,matched_q_q,A5,-0.19031587870828456,-0.19031587870828454
