q,raw_ranking,matched_ranking,raw_winner,raw_runner_up,raw_squared_score_margin_exact,raw_squared_score_margin_decimal,matched_score_error,raw_scores
3,a8>a9>a7>a10>a6>a11>a12>a5>a13>a4>a14>a3>a2>a15>a1,a8>a9>a7>a10>a6>a11>a12>a5>a13>a4>a14>a3>a2>a15>a1,a8,a9,1458146949/4586744500000,0.00031790455060228447431506158670926623,0.0,0.49956856164912736783835143673882295;0.49614086101454490890416371046812807;0.48878096131271625973099497911491445;0.47906453429094879969157913161933802;0.46689530525575566545062520512052291;0.45921405795163562617127785076772977;0.4564326056838416724417947893203545;0.45511231927584857195238164316201253;0.45546144480871727469927992436483272;0.45718432147786415320156641111326921;0.46071450420600583186779077865901439;0.46659865807694794098164837728176946;0.47552679723101001356904089525894978;0.48837329312709919590139100935797519;0.49660354446183746323185534979109075
4,a12>a11>a13>a10>a9>a14>a8>a15>a7>a6>a5>a4>a3>a2>a1,a8>a9>a7>a10>a6>a11>a12>a5>a13>a4>a14>a3>a2>a15>a1,a12,a11,1199287289951/3292818847500000,0.00036421295719366171418271438936180348,5.2710989716152616121742870256350095e-82,0.49994816806522242463174817660413444;0.49902631910237234009250634300739029;0.49585551583053916014721437160297383;0.49008855410255160889004038694590909;0.48033102065668175918515831080100685;0.47161877051903092477827310574603074;0.46688492084592373473554490667259828;0.46224675175880646884065625836290582;0.4594387129209935377173060625574669;0.45710026981544290490787058876782259;0.45552795022479150398813767627413152;0.45512800449852178296865566831114751;0.45645528830532175179901171665428907;0.46026619956921958868780114312064773;0.46341185550072734336306698160322446
5,a14>a15>a13>a12>a11>a10>a9>a8>a7>a6>a5>a4>a3>a2>a1,a8>a9>a7>a10>a6>a11>a12>a5>a13>a4>a14>a3>a2>a15>a1,a14,a15,4499665972927685646236569/30776056683801988020000000000,0.00014620670929865890437525166539623645,1.0542197943230523224348574051270019e-81,0.49999377931610035423192795106996542;0.49975603850942845926551149604981595;0.49849527741072978698296041901528743;0.49545284720448595801928287004258637;0.48895124722961899618749716037811912;0.48187043043536785356304774660800637;0.47741251199720236236035360746782289;0.47241278874614748542565692768733129;0.4688662567141867879387337419879635;0.46526449702496229116642752710558833;0.46177088875573184817504046325164629;0.45863428309335064004615815943933322;0.4562274482708215555010951049913341;0.45510332753244705682207538554790981;0.45526392943039583861343389243500611
6,a15>a14>a13>a12>a11>a10>a9>a8>a7>a6>a5>a4>a3>a2>a1,a8>a9>a7>a10>a6>a11>a12>a5>a13>a4>a14>a3>a2>a15>a1,a15,a14,181686432174441803646476512669/137795146074830958714000000000000,0.0013185256327953327648814149239209585,1.0542197943230523224348574051270019e-81,0.49999925350567177798584955830032585;0.49993897602462449041926137454488222;0.49945669641678255261027230752602843;0.49793718586243654527379547018245086;0.49392193399071521628807534836485951;0.48878096131271625973099497911491445;0.48519233382499082222269903960188579;0.48083086095083964942385274552349212;0.47748814996876291141837855791359679;0.47382428881183159859237674423331243;0.46990314517303677496505202548892369;0.46584729079964197380715694868316744;0.46187036171635099469559441105276449;0.45832733567833778469346638588638044;0.45688666099724162429856275415882741
7,a15>a14>a13>a12>a11>a10>a9>a8>a7>a6>a5>a4>a3>a2>a1,a8>a9>a7>a10>a6>a11>a12>a5>a13>a4>a14>a3>a2>a15>a1,a15,a14,21252084858318088791240797373667213367/10406843439801155019511192200000000000000,0.0020421259319650296653581705215218978,1.0542197943230523224348574051270019e-81,0.49999991042050407348702455754369987;0.49998474190950759602960961114633685;0.49980420489799519526434441107114386;0.49906846241911117609023110196336418;0.49668713816283343715152807027341025;0.49315631659029243146442184390943554;0.49046543507694322575135480976611981;0.48697945966918928974942621522049004;0.48415280149298093557633669489795186;0.4808941160496654287666044785540969;0.47719936031685841273746375589212054;0.47310012441504669175320262893659493;0.46868867822732307275548531677063722;0.46415890697861598750694358048601907;0.46195385591595450996293083819536781
8,a15>a14>a13>a12>a11>a10>a9>a8>a7>a6>a5>a4>a3>a2>a1,a8>a9>a7>a10>a6>a11>a12>a5>a13>a4>a14>a3>a2>a15>a1,a15,a14,533001395099835889874311121837024915831017/228769939926393747585455932672800000000000000,0.0023298576520644625788778234677277904,1.0542197943230523224348574051270019e-81,0.49999998925045794665801275523582805;0.4999961853463913419513919686480069;0.49992948718252359478602169261084055;0.4995801536560012215910284514765594;0.49820238365515208101079497759424763;0.49585551583053916014721437160297383;0.49391697316329304445201867068320263;0.49125875225740109801856021830320756;0.48899738800449224591211852151075141;0.48628144736210671034130631534927872;0.48306350074073124037633343007076354;0.47931328940739011588147895499312533;0.47503593561352725957181032570005448;0.47030336862558859147899694821697089;0.46781983806644177508988565472097253
9,a15>a14>a13>a12>a11>a10>a9>a8>a7>a6>a5>a4>a3>a2>a1,a8>a9>a7>a10>a6>a11>a12>a5>a13>a4>a14>a3>a2>a15>a1,a15,a14,1036324265331820850292541409456130614513749906433/438665119328400920412335617344606000000000000000000,0.0023624496675697394691526012614264345,2.1084395886461046448697148102540038e-81,0.49999999871005491699187503738711074;0.49999904632841209693735891159327956;0.49997461194514767617147015441649473;0.49981093734446080779053604455054837;0.49902680224646191858386419292193392;0.49749997433830741008151228119691414;0.4961387114086301542427620679125506;0.49416994281016887539547532556212922;0.49242012403890284366293105808893325;0.49024057415663732833636120897858839;0.48755858009296101280586352646665194;0.48430435494420754312532268454172326;0.48042329299339703770496211983493104;0.47589879122613935176977090115243407;0.47341019192971630592456908058644495
10,a15>a14>a13>a12>a11>a10>a9>a8>a7>a6>a5>a4>a3>a2>a1,a8>a9>a7>a10>a6>a11>a12>a5>a13>a4>a14>a3>a2>a15>a1,a15,a14,331638405182333819824692345033944749277203140160312307/147345884864110936980589759175191978200000000000000000000,0.0022507476573790018640768793664254972,1.0542197943230523224348574051270019e-81,0.49999999984520658951188299993998827;0.49999976158159142899223834136462336;0.49999085985455716618117380713609831;0.49991489518088628655949099025404222;0.49947375537505680769052505548695122;0.49849527741072978698296041901528743;0.4975561955252447465822398687916282;0.49612662655820605558526232896537963;0.49480230627816471136399152414227354;0.49309572911638635891906997805773144;0.4909218725560501169594088986901858;0.48818803566155364578514204030405666;0.4848010256101052234287769020106807;0.48068249468920426614414319555467781;0.47833556531294835934288306050812226
11,a15>a14>a13>a12>a11>a10>a9>a8>a7>a6>a5>a4>a3>a2>a1,a8>a9>a7>a10>a6>a11>a12>a5>a13>a4>a14>a3>a2>a15>a1,a15,a14,1743290986695535249021131576835115706078871885303998259978967/844770461202362326626531987195643133317620000000000000000000000,0.002063626827356520131624651485961231,1.0542197943230523224348574051270019e-81,0.49999999998142479073383511519810182;0.49999994039536588275507008396224263;0.49999670948988773889864445886159043;0.49996169744597535659064377069248273;0.49971561963920494431985454572156759;0.49909549174887976132973527899860583;0.49845603676376800107983320100647299;0.49743271929939059895655391465515581;0.49644611230378999940353760172182792;0.49513270989181234872273672857987062;0.49340415420534939760995777984551783;0.49115689241720841521552335801945717;0.48827511004033039268093895542425821;0.4846396616250910185718687397813876;0.48250593239122583862418380959340932
12,a15>a14>a13>a12>a11>a10>a9>a8>a7>a6>a5>a4>a3>a2>a1,a8>a9>a7>a10>a6>a11>a12>a5>a13>a4>a14>a3>a2>a15>a1,a15,a14,2218683106944262064182771476799832341462520482538220536194729/1203361102902669827792074285253783953577040000000000000000000000,0.0018437384269713373333010763010786188,2.1084395886461046448697148102540038e-81,0.49999999999777097488795090565885088;0.49999998509883947228623131699271;0.49999881540887525448675455668204533;0.49998276276068343747343725080323932;0.49984637404160471183344161948917669;0.49945669641678255261027230752602843;0.49902558887260710247131684852930972;0.49830094254777634026857832933502868;0.49757454475427688849431801738041347;0.49657652556774843836754597685230912;0.49522109506768771050504553478330575;0.49340232586339930844221465920115289;0.49099358285613758932636621298918354;0.48785103872316328074162252149062883;0.48595771169547049538695020129529272
13,a15>a14>a13>a12>a11>a10>a9>a8>a7>a6>a5>a4>a3>a2>a1,a8>a9>a7>a10>a6>a11>a12>a5>a13>a4>a14>a3>a2>a15>a1,a15,a14,361459302232852792486172964879775231529971179612225793176827559691966631/223536805283310345507994618228238301272486402248200000000000000000000000000,0.0016170012887798928622741518410694686,2.1084395886461046448697148102540038e-81,0.49999999999973251698655253464148745;0.49999999627470974317145049831673159;0.4999995735462251426230118125153176;0.49999224302163088220643037445365875;0.49991702434822066364896414996861401;0.49967380325731285285566878702611437;0.4993854452363118310120583163097995;0.4988766171396118228987166010346478;0.49834667311954975689855252776527494;0.49759569235601656129892572190357911;0.49654405305335665700159813426855394;0.49508914466792836866560262872322088;0.49310199007097258555733534533572933;0.49042625882306898106832597396150682;0.4887749114412604062065713814210985
14,a15>a14>a13>a12>a11>a10>a9>a8>a7>a6>a5>a4>a3>a2>a1,a8>a9>a7>a10>a6>a11>a12>a5>a13>a4>a14>a3>a2>a15>a1,a15,a14,159354552071994689659062160408285643822254930291655232700239843825025597645777/113940913823901117097422358818747173747053060532670420000000000000000000000000000,0.0013985718274849157883547639759638715,1.0542197943230523224348574051270019e-81,0.49999999999996790203838628149083742;0.49999999906867742798660671611166919;0.49999984647651534690537159717118105;0.49999650931505137724434575025514958;0.49995518800999685678933610156508963;0.49980420489799519526434441107114386;0.49961256344841587027120588094112396;0.49925770010436333703732983086965692;0.49887389789549684895629579974589299;0.49831317512909771769415970674573843;0.49750400483088073419810563283898883;0.49635066283613336900624609105135716;0.4947276863668887067674944947880207;0.49247523164274678625040166900515027;0.49105323739294519561095074512024972
15,a15>a14>a13>a12>a11>a10>a9>a8>a7>a6>a5>a4>a3>a2>a1,a8>a9>a7>a10>a6>a11>a12>a5>a13>a4>a14>a3>a2>a15>a1,a15,a14,9886571195782514145067982206065387162302272782029270450599046684314463500909112081/8261543627396702243427909722056235816548863992873679486000000000000000000000000000000,0.0011966978135898163716991804660787367,1.0542197943230523224348574051270019e-81,0.49999999999999614824460635345250806;0.4999999997671693565087606972442547;0.4999999447315292336349960193150711;0.49999842918272531998588129513031973;0.49997580002779099139768030599442623;0.49988249524096616813507542259574023;0.49975580926829572806053508323630766;0.49950970607016430730906006498249731;0.49923340538208352529865927582923092;0.49881737272966379381558582476086739;0.49819893377072931580261358119351455;0.49729124692038186006137678391029389;0.49597618438241768253553485789509525;0.49409681692164462614640186471390852;0.4928843339755397328189643314886778
16,a15>a14>a13>a12>a11>a10>a9>a8>a7>a6>a5>a4>a3>a2>a1,a8>a9>a7>a10>a6>a11>a12>a5>a13>a4>a14>a3>a2>a15>a1,a15,a14,69885627501820098873353198592677917312331811233705815223793741545025659054169732401177/68836435670974693696473109129134245051480141113954504817544000000000000000000000000000000,0.0010152418093792703936112337336923812,1.0542197943230523224348574051270019e-81,0.49999999999999953778935276240960092;0.49999999994179233909669698814482784;0.49999998010334841276454600549206124;0.49999929313039425194274482949499113;0.49998693157840650540341385862300003;0.49992948718252359478602169261084055;0.49984611795692122766296559340752278;0.49967624272457446585886836155480472;0.49947832658115167556521219572832666;0.49917126020173009331668590992588392;0.49870120286037716542423606414937405;0.4979910633224956424171583380078814;0.49693232306482391013973077559029923;0.49537536294423123160746144053309442;0.49434958116979279062809188389928291
17,a15>a14>a13>a12>a11>a10>a9>a8>a7>a6>a5>a4>a3>a2>a1,a8>a9>a7>a10>a6>a11>a12>a5>a13>a4>a14>a3>a2>a15>a1,a15,a14,12626556569000437658088621863270765786891790086890814947357223330784951995545118166861637628231/14761980920259910542918144371240392175378047752813987747071255220000000000000000000000000000000000,0.00085534296766846959201873112325183797,2.1084395886461046448697148102540038e-81,0.49999999999999994453472233148908443;0.49999999998544808477226842290386789;0.49999999283720515496514387989054883;0.49999968190830640801725902066318806;0.49999294292504277461155964225463949;0.49995768872515180684588731288810853;0.49990303770780632573962037560606995;0.4997862492170497038411340216210294;0.49964508270908043356143368567231974;0.49941944274686126829250439365817709;0.49906382068858682039162886843852455;0.49851096687408013615298938898536901;0.49766310297305397099600735663695755;0.49638073022772960141398030124250095;0.49551840164997465212430742819735276
18,a15>a14>a13>a12>a11>a10>a9>a8>a7>a6>a5>a4>a3>a2>a1,a8>a9>a7>a10>a6>a11>a12>a5>a13>a4>a14>a3>a2>a15>a1,a15,a14,40048717576924492088903041995269713619941277716558326474164702871735719065921584604903110053179069/55894130854139924039914968561426719472633061772684132517839501754000000000000000000000000000000000000,0.00071651024830200386034112797964432956,1.0542197943230523224348574051270019e-81,0.49999999999999999334416667977868916;0.49999999999636202119294799171774345;0.49999999742139382032499628885913253;0.4999998568586627553335610966323704;0.49999618914240588944122401364712813;0.49997461194514767617147015441649473;0.49993890716985754155567365815077254;0.4998588936052912740161659345219449;0.49975857347389471641551388573355939;0.49959339528713075343828766641879818;0.49932541146292921831012433905975368;0.49889679914609748476182022349796106;0.49822083313492804683105246193775395;0.49716973438585410139790346325733281;0.49644862225712613432537415382682111
19,a15>a14>a13>a12>a11>a10>a9>a8>a7>a6>a5>a4>a3>a2>a1,a8>a9>a7>a10>a6>a11>a12>a5>a13>a4>a14>a3>a2>a15>a1,a15,a14,2232731165102635541165677434530298709119156102584340828941438842960205220013968090721190361361850634630167/3737811497691640830478655528781103811793283939912184503423264615224184200000000000000000000000000000000000000,0.00059733648058001391546956315642450123,2.1084395886461046448697148102540038e-81,0.49999999999999999920130000157344268;0.49999999999909050529822955330392264;0.49999999907170177072106464028972515;0.49999993558638302645287760919824706;0.4999979421260761989939764642501327;0.49998476670280119612114467618029728;0.49996150890412386629922240649933454;0.4999068563409524763854996164543485;0.49983579174375330800740821434379809;0.49971527175792333536919692851440725;0.49951401753633262915578373092682933;0.49918291410393288555855000128586902;0.4986460411982259646175957792423132;0.4977880368176489267644727713052964;0.49718768399688762758678872285552476
20,a15>a14>a13>a12>a11>a10>a9>a8>a7>a6>a5>a4>a3>a2>a1,a8>a9>a7>a10>a6>a11>a12>a5>a13>a4>a14>a3>a2>a15>a1,a15,a14,677069955859347618660124046408440846003537004778577079705684739702543918545782002459852233856453750720965311/1365174659259614563042580768568247810831066812430561578548878420327688110560000000000000000000000000000000000000,0.00049595848506779935275079479672661405,1.0542197943230523224348574051270019e-81,0.49999999999999999990415600018881312;0.49999999999977262632455692303688609;0.49999999966581263686395023083640459;0.49999997101386928118331087612448427;0.49999888874492522858784554350201987;0.49999085985455716618117380713609831;0.49997574957282364186397887512742194;0.49993851933461964998900566882403299;0.49988832073034187929408440038464305;0.49980063888665336456356221641069519;0.4996499484836259734401462299952874;0.49939496510149550957866027195439318;0.4989699619716521988450176959802502;0.49827204011382062645771620367039872;0.49777411290074243086309384701504431
21,a15>a14>a13>a12>a11>a10>a9>a8>a7>a6>a5>a4>a3>a2>a1,a8>a9>a7>a10>a6>a11>a12>a5>a13>a4>a14>a3>a2>a15>a1,a15,a14,183417220800992772845342943100931611218449802404653990578961356534001837069314237357700009786620376246026084452933/446980557483255292543194376902260466580556464360255287189131695202454186966000000000000000000000000000000000000000000,0.00041034720130497827455708457951952352,3.1626593829691569673045722153810057e-81,0.49999999999999999998849872002265757;0.49999999999994315658113920167865311;0.49999999987969254919382804161754148;0.49999998695624055268682688495517898;0.49999939992133936733338328472726226;0.49999451585257412263334401802929077;0.49998472181945318922017637588421889;0.49995942021339330129632750034819805;0.49992404993805608272873079251440825;0.49986042208894371531761674766159755;0.49974788831300340010887081965945559;0.4995520604610039283387301972099619;0.49921657904801236427024326997974616;0.4986506022221159680794278882502104;0.4982389746850139263681661924355227
22,a15>a14>a13>a12>a11>a10>a9>a8>a7>a6>a5>a4>a3>a2>a1,a8>a9>a7>a10>a6>a11>a12>a5>a13>a4>a14>a3>a2>a15>a1,a15,a14,103712181688019505874211643003387300690605177743207344163652900732440850010307030228807681704589698560095839857729223197/306401518256096336002826044626148557843318139893923978192891562907192093740364200000000000000000000000000000000000000000000,0.0003384845554235630498302284697492632,2.1084395886461046448697148102540038e-81,0.49999999999999999999861984640271891;0.49999999999998578914528479860212775;0.49999999995668931769977374722738525;0.49999999413030812238034675416548664;0.49999967595725491322922242418755087;0.49999670948988773889864445886159043;0.49999037458297816079665536406613787;0.49997321623145026641339318125709275;0.49994835018701345533917493145236386;0.49990228315690349074639386716131966;0.49981844096302233740435997797935962;0.49966840794628878616348316411509099;0.49940425919998057713090270172342606;0.49894650774877489527395888532544534;0.49860719312829284890284339322864527
23,a15>a14>a13>a12>a11>a10>a9>a8>a7>a6>a5>a4>a3>a2>a1,a8>a9>a7>a10>a6>a11>a12>a5>a13>a4>a14>a3>a2>a15>a1,a15,a14,65879955113907269982332177110824437554982838046247680474946475694433030865655215252005812445065251804727573442745951212128515767/236582072764294773843101898625250553800330343557359317815759636309358767369446969640820000000000000000000000000000000000000000000000,0.00027846554197512274537590041753323742,2.1084395886461046448697148102540038e-81,0.49999999999999999999983438156832627;0.49999999999999644728632119953693597;0.49999999998440815437062198553381545;0.4999999973586386294895911086721588;0.4999998250168394039475698454691466;0.49999802568613641952563097455986414;0.49999393592247584067279437430855971;0.49998232222958835741615466581636673;0.49996487638404342665737324826101107;0.49993159218335522543013282578869199;0.49986925748938432603983569609050281;0.49975455801846024387094694555083694;0.49954704057975137071257550179262724;0.49917769304294707039040452221140009;0.49889869080776666765868140335834754
24,a15>a14>a13>a12>a11>a10>a9>a8>a7>a6>a5>a4>a3>a2>a1,a8>a9>a7>a10>a6>a11>a12>a5>a13>a4>a14>a3>a2>a15>a1,a15,a14,74720309220531332192573992223614059619566556304914807419831842838214712573626356320193735826523964288857681867551985971731538633/326929705253216973714733087595072737191232784359637414448739386278301541633514827471440000000000000000000000000000000000000000000000,0.00022855160610950964567714107875723052,1.0542197943230523224348574051270019e-81,0.49999999999999999999998012578819915;0.49999999999999911182158029987713424;0.49999999999438693557325588016676161;0.49999999881138737809004927826301347;0.49999990550907046070448327876796238;0.49999881540887525448675455668204533;0.49999617960544159550243663431548792;0.49998833246108331048032755012452101;0.49997611513529232402536251276371386;0.49995211157645405897305657773755404;0.49990585502893742603447246634221157;0.49981833800142036775928413436595368;0.49965563760233626556319291885620484;0.49935824694954148419609154745561642;0.49912934915752023663903327648788177
25,a15>a14>a13>a12>a11>a10>a9>a8>a7>a6>a5>a4>a3>a2>a1,a8>a9>a7>a10>a6>a11>a12>a5>a13>a4>a14>a3>a2>a15>a1,a15,a14,11104469023032363709667094295386145288039219929573302103041588612573020187043815216204287361870879407604021561339154410974395656670862071431/59320977275065440717370065505683086357072473644122041582377932144731529701392848955806319400200000000000000000000000000000000000000000000000000,0.00018719295488916258196308559019742718,2.1084395886461046448697148102540038e-81,0.4999999999999999999999976150945839;0.49999999999999977795539507496883983;0.49999999999797929680635033957258296;0.49999999946512431909151818049342004;0.49999994897489139522469641609339978;0.49999928924431478705199869781420774;0.49999759314122093165337475726254757;0.49999229933265184780693573773328685;0.49998375791942200717060752410978108;0.49996647665745955954312796391102327;0.49993221025091922954513073254585745;0.49986555100773464921743106533583943;0.49973821926314505828867601922683561;0.49949921798418150323954219585203008;0.49931180219570186712352085107144605
26,a15>a14>a13>a12>a11>a10>a9>a8>a7>a6>a5>a4>a3>a2>a1,a8>a9>a7>a10>a6>a11>a12>a5>a13>a4>a14>a3>a2>a15>a1,a15,a14,4543638307050518100448557988223010457631844485719806767504011820041982587637727608618728573425718106166044998014823296186248728759480482722036977/29690842942291069064568775898014454492241175118686531712691071801994909300999136763283927007201620000000000000000000000000000000000000000000000000000,0.00015303163725872688377182121033717652,2.1084395886461046448697148102540038e-81,0.49999999999999999999999971381135007;0.49999999999999994448884876874218222;0.49999999999927254685028329990967629;0.49999999975930594337875987376687946;0.49999997244643941324543916713582809;0.4999995735462251426230118125153176;0.49999848367491798853687697986377612;0.499994917519623685225215246597083;0.49998895521294368756188770438639995;0.49997653295178004254279133327134514;0.49995118859782316530771264141296954;0.49990049728558012691720226937879967;0.49980100895451023564758653039744145;0.49960925968360987145652599271576498;0.499456084880688982111686475921953
27,a15>a14>a13>a12>a11>a10>a9>a8>a7>a6>a5>a4>a3>a2>a1,a8>a9>a7>a10>a6>a11>a12>a5>a13>a4>a14>a3>a2>a15>a1,a15,a14,265083309210639417841931422943445486476949790599931719168038051067925267902263985731023330997252874885200586458547798408926200685854121285001471634481/2122478736463056892019399421642251492852599100215095721091212775847837990091119148109682558702688446000000000000000000000000000000000000000000000000000000,0.00012489326967410745760823420261142601,2.1084395886461046448697148102540038e-81,0.49999999999999999999999996565736201;0.49999999999999998612221219218554382;0.49999999999973811686610162219267908;0.49999999989168767447742622356998477;0.49999998512107671739739558083390174;0.49999974412760414335165991790542501;0.49999904471359042924754021682498652;0.4999966455455601882240563785405475;0.49999248946515226864012869822284452;0.49998357271915314529676457650352555;0.49996485434815450431649301111728287;0.49992636226590984242924241529928804;0.49984874505594819125279453067211215;0.499695143365979488360034026544941;0.49957015826995980326923624316544574
28,a15>a14>a13>a12>a11>a10>a9>a8>a7>a6>a5>a4>a3>a2>a1,a8>a9>a7>a10>a6>a11>a12>a5>a13>a4>a14>a3>a2>a15>a1,a15,a14,1043465664692294223964160186900161765471404731400357241011242905552214877252944653527763926703112186367385473543709832669636561989956984469958990068827293/10252915653077767934828595688130238360114011645624751785277206656721965201868298850659520516350466443432000000000000000000000000000000000000000000000000000000,0.00010177257864976796573480861569187529,3.1626593829691569673045722153810057e-81,0.49999999999999999999999999587888344;0.49999999999999999653055304804638585;0.49999999999990572207179653658494982;0.49999999995125945350613111739466984;0.49999999196538126242041794623468345;0.49999984647651534690537159717118105;0.4999993981689237977944264269553897;0.49999778605249417057403433010953457;0.49999489279947524581591103965390441;0.49998850073334661542409318421934623;0.49997469438312313142524991699847275;0.49994550494256862173230151133973005;0.49988503368776562707854000736273902;0.49976216370202452343885821537311682;0.4996603323153433901706631066921623
29,a15>a14>a13>a12>a11>a10>a9>a8>a7>a6>a5>a4>a3>a2>a1,a8>a9>a7>a10>a6>a11>a12>a5>a13>a4>a14>a3>a2>a15>a1,a15,a14,5219553420649923811557353136709351400294400065777472732338091987712250490658315560489269670493438178733962139239308909158137191862768295269079054269608966997509/63025835766615116582383236600464309142963359926864658791576483995717326108706806525744809263364314671788380000000000000000000000000000000000000000000000000000000000,0.000082816092117809398285092324985794468,2.1084395886461046448697148102540038e-81,0.49999999999999999999999999950546601;0.49999999999999999913263826201159646;0.4999999999999660599458467470269698;0.49999999997806675407599508947832455;0.4999999956613058336005597847385988;0.49999990788589223808557746389231491;0.49999962084616870296318444805375754;0.49999853879134628722280378860148702;0.49999652708661426692096609518453604;0.49999195043001806316244225742802707;0.49998177956836781636561043764999227;0.49995967194162961462343476640203409;0.49991261835447329203814433291390995;0.49981445843491624203856928751943201;0.49973160473245116375928766058747498
30,a15>a14>a13>a12>a11>a10>a9>a8>a7>a6>a5>a4>a3>a2>a1,a8>a9>a7>a10>a6>a11>a12>a5>a13>a4>a14>a3>a2>a15>a1,a15,a14,2760228369854513271017793767050898817865432752640016236951051763188789461580234525632910465191500640976677831681271228003188191983318687867474495662385102448146409/41011314736098732296052336921923296941508954844723766261617514929423291386973619900432971761702868072063634000000000000000000000000000000000000000000000000000000000000,0.00006730406931882438994921083456555867,4.2168791772922092897394296205080076e-81,0.49999999999999999999999999994065592;0.49999999999999999978315956550289911;0.49999999999998778158050482813349699;0.4999999999901300393338405978121193;0.49999999765710513611645741101529231;0.4999999447315292336349960193150711;0.49999976113298575247337750889427116;0.49999903560085114138959841602583436;0.49999763841102369658173012998854233;0.49999436526018536202563906917263347;0.49998688108837271373638693628356123;0.4999701562973647444932705797942975;0.49993358576431389943747346158988393;0.49985525979407221252482572157573026;0.49978793170151737883910050344175023
31,a15>a14>a13>a12>a11>a10>a9>a8>a7>a6>a5>a4>a3>a2>a1,a8>a9>a7>a10>a6>a11>a12>a5>a13>a4>a14>a3>a2>a15>a1,a15,a14,50823788155013473344246491277788097385177415859508425386687176907334001159793292894262449822107699075245912458933146652389667960017531834448062592042004567675980663009406967/930277587532913704710919936278163170759062631072142041581390863066964748050410517503390096695851985124636243982296200000000000000000000000000000000000000000000000000000000000000,0.00005463292767247851308181869649981766,3.1626593829691569673045722153810057e-81,0.49999999999999999999999999999287871;0.49999999999999999994578989137572478;0.49999999999999560136898173802486983;0.4999999999955585177001559375437048;0.49999999873483676941236752925338716;0.49999996683891534086406226032370123;0.49999984951374112361198500885525784;0.49999936349593562210180581753157442;0.49999839411585522364887326574052015;0.49999605566212498741712529060755588;0.49999055427951331822754292040933677;0.49997791514568075541522697272023694;0.49994952276422733950816507648808385;0.49988709182464967576829234682528319;0.49983244357007604933498511380840208
32,a15>a14>a13>a12>a11>a10>a9>a8>a7>a6>a5>a4>a3>a2>a1,a8>a9>a7>a10>a6>a11>a12>a5>a13>a4>a14>a3>a2>a15>a1,a15,a14,48494301896946410851446612342131098207058610410542810041172598210575587720366502186433429037826833900541940601054448486186465326759656054133942212240734492752275067168877419929/1094707286314821793634958532497042235075970342797808857483852970065538914353967568872751738334098815569177474755165786400000000000000000000000000000000000000000000000000000000000000,0.000044298875601893234661860724080233444,2.6355494858076308060871435128175048e-81,0.49999999999999999999999999999914545;0.49999999999999999998644747284393119;0.49999999999999841649283342567557983;0.49999999999800133296505552477163885;0.49999999931681185428988300207673637;0.49999998010334841276454600549206124;0.4999999051936410714051671596071588;0.49999957990704476891847030478459055;0.49999890799709802020727864699048277;0.49999723895368536242573560228102624;0.49999319902727885536614931504799822;0.49998365692616309774873254428955257;0.49996163590524220519807592904539223;0.49991192504628220863928128809115702;0.49986761640246089039876399244889628
33,a15>a14>a13>a12>a11>a10>a9>a8>a7>a6>a5>a4>a3>a2>a1,a8>a9>a7>a10>a6>a11>a12>a5>a13>a4>a14>a3>a2>a15>a1,a15,a14,1192699159601921420766962727204390429465545424629077532918524078268806462544737151610574381885991222150235109497252515565747800101423440305662307534563989248453886809200582935367239233/33238461968886308683733229299317037074289124966675501981308108220391585454943681319532809928116104879666717355446899426526000000000000000000000000000000000000000000000000000000000000000000,0.000035883103156769925631831578414106073,3.1626593829691569673045722153810057e-81,0.49999999999999999999999999999989745;0.4999999999999999999966118682109828;0.49999999999999942993742003324147556;0.49999999999910059983427202010482433;0.49999999963107840096871766618667868;0.49999998806200876262737107819653597;0.49999994027198758949434351864193284;0.49999972273853074152828428132405518;0.49999925743724819353092725004093841;0.49999806726277678145630469538526297;0.49999510327166328084151985391125302;0.49998790597114556633408741886410469;0.4999708424820285545238369786870432;0.49993129753598459468538725322667714;0.49989540821341456541472350385768069
34,a15>a14>a13>a12>a11>a10>a9>a8>a7>a6>a5>a4>a3>a2>a1,a8>a9>a7>a10>a6>a11>a12>a5>a13>a4>a14>a3>a2>a15>a1,a15,a14,3378702247298158365160926365197159925469796654841046048048089641495526785946491441032633627164810319747075055932557237400163380749654802874420156347041964791738248757746284775650514263097777/116351882586978146446144436491447327479887897252709276239667646302842568562942528987432114296968003393977209320492327993188624200000000000000000000000000000000000000000000000000000000000000000000,0.00002903865560380967558005445769690638,3.1626593829691569673045722153810057e-81,0.49999999999999999999999999999998769;0.4999999999999999999991529670527457;0.49999999999999979477747121196670658;0.49999999999959526992542180842358229;0.49999999980078233642168347452179663;0.49999999283720515496514387989054883;0.4999999623713496866711395671102745;0.49999981700737853762338661623724775;0.49999949505696881314958500082976257;0.49999864708159031492352925147135312;0.49999647434109437715111262058400646;0.49999105033420409489279034064988698;0.49997783982087711437728056085183595;0.49994640964501327722170948337335417;0.49991736703312840114633873929767622
35,a15>a14>a13>a12>a11>a10>a9>a8>a7>a6>a5>a4>a3>a2>a1,a8>a9>a7>a10>a6>a11>a12>a5>a13>a4>a14>a3>a2>a15>a1,a15,a14,1366070851248249974419928909863940593952144709102667425331939470206293823567066865154342677353069105376081319510738960405212129956557304360518200113585536324143030178129248284697001682346508412567/58182726491447649074410797761632602899656438004401285422175940300955789678087462317838137149270841845684378191643686254701415116020000000000000000000000000000000000000000000000000000000000000000000000,0.000023478976212107392704593045006221111,2.1084395886461046448697148102540038e-81,0.49999999999999999999999999999999852;0.49999999999999999999978824176318642;0.49999999999999992611988963630798526;0.49999999999981787146643969216433533;0.49999999989242246163813381888058857;0.49999999570232305603902804151809229;0.49999997629394931245256266688369348;0.49999987922484729177963644693401409;0.49999965663857234864103319068969778;0.49999905295596004705519526686757321;0.49999746151806963044032784231276206;0.49999337720107155697155814073794406;0.49998315799503854416899740997437576;0.49995819804313193689406172246790699;0.49993471655239489629244439269641407
36,a15>a14>a13>a12>a11>a10>a9>a8>a7>a6>a5>a4>a3>a2>a1,a8>a9>a7>a10>a6>a11>a12>a5>a13>a4>a14>a3>a2>a15>a1,a15,a14,41153435436714780075995656997943349687157527553889875625598393334708607097975102403373632967614270347636052018305347312179834774528785675680741184811859352996135994187379346959677902103301302901/2169621659586036054742885496875798879163185044923326208744746420554427965512899813319512490805625870228909013484275011983728674320000000000000000000000000000000000000000000000000000000000000000000000,0.000018968023874064226512485324940042023,3.6897692801306831285220009179445067e-81,0.49999999999999999999999999999999982;0.49999999999999999999994706044079661;0.49999999999999997340316026907087092;0.49999999999991804215989783684462987;0.49999999994190812927596811715792259;0.49999999742139382032499628885913253;0.49999998506518767385454356937174549;0.49999992028838939282863395782802763;0.49999976651415223338447698712922049;0.4999993370686069808360433297798043;0.49999817228911268478490343780656601;0.49999509910347296841971076943129245;0.49998719992096486326994409636393419;0.49996739357336261757305685060891631;0.499948423952578943826511482928626
37,a15>a14>a13>a12>a11>a10>a9>a8>a7>a6>a5>a4>a3>a2>a1,a8>a9>a7>a10>a6>a11>a12>a5>a13>a4>a14>a3>a2>a15>a1,a15,a14,222757449013704945492456985463710783438447147670509676887915097454760903061360145168574878067844904521223265029724457722238364433814806211643492885239705477830710004397925648173092542478175622795977871536231/14548062885774894067278839370079041171563908400809677680547083116054834061262320352458871971911125404915115467312473820376147197751419272200000000000000000000000000000000000000000000000000000000000000000000000000,0.000015311828850528088719970761865889231,2.1084395886461046448697148102540038e-81,0.49999999999999999999999999999999998;0.49999999999999999999998676511019915;0.49999999999999999042513769686551304;0.49999999999996311897195402159264593;0.49999999996863038980650798257372085;0.49999999845283628740756647690141131;0.49999999059106807855042120781492573;0.499999947390332721787711232986194;0.49999984122958793073870352203498639;0.4999995359477480120356377662049766;0.49999868404614071352876484508858604;0.49999637332270507817993241969257934;0.49999027185025723981857630691673;0.49997456643955806503786989213353023;0.49995925359730420105449729415096576
38,a15>a14>a13>a12>a11>a10>a9>a8>a7>a6>a5>a4>a3>a2>a1,a8>a9>a7>a10>a6>a11>a12>a5>a13>a4>a14>a3>a2>a15>a1,a15,a14,89849065415350340592899870518170624945195544649969961588670988522034063355764762994360273003044589199246359480539672310985655186939123424668403803406699640465940733962987806729495253978646513579246124164103068177/7274443320592759354437978007022039799474693011169156510927303792874766141971592204885555310777507190379347075478973184057890951627212277764820000000000000000000000000000000000000000000000000000000000000000000000000000,0.000012351332116507435092788633994321515,2.1084395886461046448697148102540038e-81,0.5;0.49999999999999999999999669127754979;0.49999999999999999655304957087158463;0.49999999999998340353737930870673457;0.49999999998306041049478099470837244;0.49999999907170177072106464028972515;0.49999999407237282757912457158107893;0.49999996527761773311057021049103028;0.49999989203610333704349457992188613;0.4999996751632879402320177536903055;0.49999905251217393502429255041509366;0.49999731625120945195683128806492714;0.49999260655440066590073362259972011;0.49998016148968724107726394799575347;0.49996780951490989473532393968623549
39,a15>a14>a13>a12>a11>a10>a9>a8>a7>a6>a5>a4>a3>a2>a1,a8>a9>a7>a10>a6>a11>a12>a5>a13>a4>a14>a3>a2>a15>a1,a15,a14,5173581171122907507237539180325064327458367641072958470652211342645699821377518079429412508508451677251068576092137233854188437820496838649538547112168932552392277867547319357176203471162658561565216734286679350636881/519626220245278359906981123764684989863836124482641986869191306733848970940233246217280778494581042762893119136438805429748028885192014682763006000000000000000000000000000000000000000000000000000000000000000000000000000000,0.0000099563512570263101816846654648081479,4.2168791772922092897394296205080076e-81,0.5;0.49999999999999999999999917281938745;0.49999999999999999875909784551377046;0.49999999999999253159182068871351445;0.49999999999085262166696790223152899;0.49999999944302106181218770017274693;0.49999999626559485680370687328990765;0.49999997708322689221303762691296351;0.49999992658454266000521905150161088;0.49999977261423508086325263114115379;0.49999931780822227461436610519007851;0.49999801402173749776236700884503061;0.49999438095142871011486487175821874;0.49998452575927141173719054632673246;0.4999745690007307877226332868187838
40,a15>a14>a13>a12>a11>a10>a9>a8>a7>a6>a5>a4>a3>a2>a1,a8>a9>a7>a10>a6>a11>a12>a5>a13>a4>a14>a3>a2>a15>a1,a15,a14,258755981584493387299757745337356956694076792975167563678184500596077694087731395856761363533666464329169077934284837374482093816652021985980158502468547994842944310881123425049447971717858853544536628016085484559770567/32261736544275061596225654326273423657715258628059587836544339996632120233821271527611905436324829833269351929783726326746564503710751539978979601600000000000000000000000000000000000000000000000000000000000000000000000000000,0.0000080205224300119202410902622077872716,3.6897692801306831285220009179445067e-81,0.5;0.49999999999999999999999979320484686;0.49999999999999999955327522438495736;0.49999999999999663921631930987966699;0.49999999999506041570010031294498583;0.49999999966581263686395023083640459;0.49999999764732475003404948210026985;0.49999998487492939531029834081456815;0.49999995007748549031819975444856274;0.49999984082993198276726220076208957;0.49999950882163856892435921635680239;0.49999853037380912342944724901404796;0.4999957295058068516678972695541228;0.49998792996892539379804609252956741;0.49997990918854032691163285694480484
41,a15>a14>a13>a12>a11>a10>a9>a8>a7>a6>a5>a4>a3>a2>a1,a8>a9>a7>a10>a6>a11>a12>a5>a13>a4>a14>a3>a2>a15>a1,a15,a14,5872085570061665827500147777881686433060502739435874884571608771485441012789997083172471229724014303607737980282047655106952132068428112159501625582180296784226449979943603457075137367473564919680365464085647693759815069811437831/909402707965011953918550733310492095727172468302794903873952496449418516766948705987589359187975456073069557579303887831631006517571303726231643809885620000000000000000000000000000000000000000000000000000000000000000000000000000000000,0.0000064570794859427518024345860210455327,4.2168791772922092897394296205080076e-81,0.5;0.49999999999999999999999994830121172;0.49999999999999999983917908077858465;0.49999999999999848764734368943746371;0.4999999999973326244780359864880656;0.49999999979948758203795967857583507;0.49999999851781458865076898455251017;0.49999999001745324689829800428077093;0.4999999660526885064692212551845525;0.49999988858093642677052011850191871;0.49999964635143385655221569497543213;0.49999891247537207974848372041850101;0.49999675441443304905350918617452532;0.49999058530074558351340962697974075;0.49998412805797765925217143285086844
42,a15>a14>a13>a12>a11>a10>a9>a8>a7>a6>a5>a4>a3>a2>a1,a8>a9>a7>a10>a6>a11>a12>a5>a13>a4>a14>a3>a2>a15>a1,a15,a14,59010855963047241903701245829260247706347641808830214482410225409047390509942787663027001721388250687948286314136350900407471616988707319115569163712793176452951411499711683449408222615339970116417625621316310161705024973236401169/11358408922653293022235023726708959498281890837499518670683195432125534289012089476747763513642714132588190090508044059673906854546592028527763831284834000000000000000000000000000000000000000000000000000000000000000000000000000000000000,0.0000051953452604929166941749433229172548,2.6355494858076308060871435128175048e-81,0.5;0.49999999999999999999999998707530293;0.49999999999999999994210446908029047;0.49999999999999931944130466024516041;0.49999999999855961721813413068590624;0.49999999987969254919382804161754148;0.49999999906622318931371071537156714;0.49999999341151907586764996134594686;0.49999997691582743209885424037042952;0.49999992200664767777240379998817311;0.49999974537295673551160057656915714;0.49999919523109266498005941122871909;0.49999753334920465415136379378091628;0.49999265648894326665074437124002759;0.49998746104038442013327234898094791
43,a15>a14>a13>a12>a11>a10>a9>a8>a7>a6>a5>a4>a3>a2>a1,a8>a9>a7>a10>a6>a11>a12>a5>a13>a4>a14>a3>a2>a15>a1,a15,a14,949867943685030234755279434073886762965660207932111074014471314367012288995996024016158181296108767084543222824136725716199869342721001889272236527484202682536926261600708753969885612977097929887160864491550067154195804749755502862903543767/227359456413399196537448273164618195017709164621436917717127103474841861281230675603383814472563265594664280445762732427789150588594431724707811789956116508728200000000000000000000000000000000000000000000000000000000000000000000000000000000000000,0.0000041778246599865231778286482724072119,3.1626593829691569673045722153810057e-81,0.5;0.49999999999999999999999999676882573;0.49999999999999999997915760886890457;0.49999999999999969374858709710997829;0.49999999999922219329779088450204289;0.49999999992781552950587562939026654;0.49999999941172060865789070533174222;0.49999999565160256085032542199350102;0.49999998430276230596364746242775831;0.4999999454046495421684690578727452;0.49999981666848963721614075048276468;0.49999940447063474113310207875794098;0.49999812534206601672537376555446567;0.49999427203361016398001449038321804;0.49999009414363378607186674113424383
44,a15>a14>a13>a12>a11>a10>a9>a8>a7>a6>a5>a4>a3>a2>a1,a8>a9>a7>a10>a6>a11>a12>a5>a13>a4>a14>a3>a2>a15>a1,a15,a14,111329803569300020683366753574174429633229228548861696360517755863961329796980519166152554557882560776077333853384140132241923376029907255233522494777527390715718022505519941320933307118618443605389916622607870556277776510050971686573702269/33155545351440062166997290011072103689084492363573848252244146645475005761535390269523654361258989848217250943749375055159523524443034776595520729275599383543200000000000000000000000000000000000000000000000000000000000000000000000000000000000000,0.000003357803419887484221826339881319516,3.1626593829691569673045722153810057e-81,0.5;0.49999999999999999999999999919220643;0.49999999999999999999249673919280565;0.49999999999999986218686419369942059;0.49999999999957998438080662679757333;0.49999999995668931769977374722738525;0.49999999962938398321246254305811005;0.49999999713005767743197098616633077;0.49999998932587820720317856324472205;0.49999996178325280170509142452300027;0.49999986800129221113051498927577378;0.49999955930806499915565792187364963;0.4999985752580470564051953126314264;0.49999553216932370283700836827979249;0.4999921743246241312163694788226676
45,a15>a14>a13>a12>a11>a10>a9>a8>a7>a6>a5>a4>a3>a2>a1,a8>a9>a7>a10>a6>a11>a12>a5>a13>a4>a14>a3>a2>a15>a1,a15,a14,21903112783042484195478578022818009029313466899437739117625400114028378997775707281349520074341653883286035249603309713174600219023753060735474952847815365900083430209782846746894322664907422443812497770404684808853417772781818020571105712118806625633/8120174395988669515154900999262886409705955115723868504227248450363659419119701775974648636434443114112994138852340495808880867286312210581605872275253747546013529886000000000000000000000000000000000000000000000000000000000000000000000000000000000000000000,0.0000026973697503174963463624825934960574,3.1626593829691569673045722153810057e-81,0.5;0.49999999999999999999999999979805161;0.49999999999999999999729882610941003;0.49999999999999993798408888716472516;0.4999999999997731915656354470076323;0.49999999997401359061851366139044983;0.49999999976651190932779818852019859;0.49999999810583806156024235471724039;0.49999999274159710652015419461234299;0.49999997324827604106546178621297571;0.4999999049609198541592026940702942;0.49999967388785600079338182322022308;0.49999891719500497733986181710638018;0.49999651508179542753465645456607445;0.49999381768596875814998081299847653
46,a15>a14>a13>a12>a11>a10>a9>a8>a7>a6>a5>a4>a3>a2>a1,a8>a9>a7>a10>a6>a11>a12>a5>a13>a4>a14>a3>a2>a15>a1,a15,a14,1309649592218126206789771414387055450158704514292538050450277444381972018971087212135608080299290707874198998245196780343384391033903582500125423529741136447672289535286828115013973473518110551910593803071823590019169424281468277611858831053089307120040191/604698832883518937334666485409133822760648871349149386810632302997565000536008564640469082513802081735553295513234130303492305669710415841730837973107228879414625104364600000000000000000000000000000000000000000000000000000000000000000000000000000000000000000000,0.0000021657881924015545717924947463398294,6.3253187659383139346091444307620114e-81,0.5;0.4999999999999999999999999999495129;0.49999999999999999999902757739938761;0.49999999999999997209283999922412347;0.49999999999987752344544310304949393;0.49999999998440815437062198553381545;0.49999999985290250283838933834983032;0.49999999874985311821441962187995351;0.49999999506428599804131575721578936;0.49999998127379277788311760908481857;0.49999993157185683217326084016701255;0.49999975867695205549345369771567329;0.49999917706756219588879013633101295;0.49999728175754794998366580465449019;0.49999511595289047428915444655748592
47,a15>a14>a13>a12>a11>a10>a9>a8>a7>a6>a5>a4>a3>a2>a1,a8>a9>a7>a10>a6>a11>a12>a5>a13>a4>a14>a3>a2>a15>a1,a15,a14,24700230675917431132229079902996870530200697166171680952716415302536075354955072263405450221753719291733588941059193634162738426782813685791874566854334267053146740172959078048728098780248038055166566892475091270602370404870277554422062050906676686135680311669367/14210514867304845344679964806759450225882757197175032713377871416602750846833488581542961897918074884046613226132858214582265405711375618679351745437173849234139361748772463220000000000000000000000000000000000000000000000000000000000000000000000000000000000000000000000,0.0000017381657812235241501289563643656937,4.2168791772922092897394296205080076e-81,0.5;0.49999999999999999999999999998737823;0.49999999999999999999964992786377954;0.49999999999999998744177799965085498;0.49999999999993386266053926446834934;0.49999999999064489262219815525214702;0.499999999907328576773054057922156;0.49999999917490305696939470996832783;0.49999999664371446276505445239687065;0.49999998689165472359547866577863492;0.49999995073173408723910268112011708;0.49999982142091090662424145889715726;0.49999937457097668953106647447385111;0.49999787976708342809960007881089788;0.49999614159091027149226536536506065
48,a15>a14>a13>a12>a11>a10>a9>a8>a7>a6>a5>a4>a3>a2>a1,a8>a9>a7>a10>a6>a11>a12>a5>a13>a4>a14>a3>a2>a15>a1,a15,a14,1608014262436960150480076145061793997772423257624787003646671127078405109511959949737029720458619284624424886402080169067583393438296021389641001693109794274351283904786559516533421448236768107128705370518365798374997725290442681570056508787289352577877156138873/1153227437746592958730675447770673972100222643082727496763111058031473613064762576855593888614511074989617040408410546563695904568438066799233638240640986646168308632584720720000000000000000000000000000000000000000000000000000000000000000000000000000000000000000000000,0.0000013943600453862083743151073953865717,4.2168791772922092897394296205080076e-81,0.5;0.49999999999999999999999999999684456;0.49999999999999999999987397403096063;0.49999999999999999434880009984288463;0.4999999999999642858366911995532938;0.49999999999438693557325588016676161;0.49999999994161700336101847319780905;0.49999999945543601714149606300069392;0.49999999771772582732667135333510362;0.49999999082415819826471785390797491;0.4999999645268470747422542867107487;0.49999986785145566364883112743315379;0.49999952467372823795990683711691851;0.4999983462160107548787418426295122;0.49999695184940914812894042422095993
49,a15>a14>a13>a12>a11>a10>a9>a8>a7>a6>a5>a4>a3>a2>a1,a8>a9>a7>a10>a6>a11>a12>a5>a13>a4>a14>a3>a2>a15>a1,a15,a14,3972182576422697480124701366646616291893849567272734920827725745676864822761673914659774733732719035211723816532040996703488341123300550618199722281190602549548334933552773268111687630129239729110246030958958874358269081942998772693184896578985948220738257789243190032361031/3552661126967758340007328504826280901751595296941659068404722960447198789173917764935106857984352661344810468613810669277011613623737314542264858840188444314598711739012892822361064200000000000000000000000000000000000000000000000000000000000000000000000000000000000000000000000000,0.0000011180865369540623923660698132602395,3.6897692801306831285220009179445067e-81,0.5;0.49999999999999999999999999999921114;0.49999999999999999999995463065114583;0.49999999999999999745696004492929806;0.49999999999998071435181324680827496;0.49999999999663216134393084342562839;0.49999999996321871211505802210654572;0.4999999996405877711137499857682719;0.49999999844805355918184779746597886;0.49999999357691068574176766425906419;0.49999997445932913276711953520573661;0.49999990221006711129430516399229162;0.49999963875190982807109986432142186;0.49999871004708036567528032125788381;0.49999759195640871621023814228141349
50,a15>a14>a13>a12>a11>a10>a9>a8>a7>a6>a5>a4>a3>a2>a1,a8>a9>a7>a10>a6>a11>a12>a5>a13>a4>a14>a3>a2>a15>a1,a15,a14,1432885463554830911974166500462515531967121891418681546267011422074103986848535853902791199707698874537595483451787486666471669624215126209512377176105347699578725724912396021806622157798400205282504294092066252806498194358943347494164999383085808652723593369491340207097415607/1598862442005396348122531714582465316959708883383081668465912644540212564021207665379806993393977881372710995890652149950040164831842116661090731780973951119106987476858570907803279820000000000000000000000000000000000000000000000000000000000000000000000000000000000000000000000000000,0.0000008961905826980422344587123130108706,2.1084395886461046448697148102540038e-81,0.5;0.49999999999999999999999999999980278;0.4999999999999999999999836670344125;0.49999999999999999885563202021818412;0.4999999999999895857499791529993016;0.49999999999797929680635033957258296;0.49999999997682778863154049673376352;0.4999999997627879288481129324752762;0.49999999894467641867136301100019828;0.49999999550383745402790618853924795;0.49999998161071658106545333140343922;0.49999992763544414265853331013176567;0.49999972545138005914635756532864256;0.49999899383586604802273069635640412;0.49999809764267675285963554520828658
