stage,alternative,criterion,component,printed,calculated,rounded_agrees
H,1,1,mu,0.5294,0.52246459298370939720245556403028961,False
H,1,1,nu,0.4547,0.45471496995311942470417794039193357,True
H,1,2,mu,0.7469,0.74690853049806434061941794714679614,True
H,1,2,nu,0.4729,0.47287080450158790665084805994360751,True
H,1,3,mu,0.7113,0.70816624792123393041071347383306273,False
H,1,3,nu,0.5206,0.52061815614675340320399278341754334,True
H,1,4,mu,0.7057,0.70568763413189085922128405126203139,True
H,1,4,nu,0.4025,0.40247954349615214530886989800744587,True
H,1,5,mu,0.724,0.72397228324019898508548300980718132,True
H,1,5,nu,0.5032,0.53021430927033202871517133830041032,False
H,2,1,mu,0.8,0.8,True
H,2,1,nu,0.1747,0.17468271691429178999424598423625588,True
H,2,2,mu,0.8575,0.85750270380659944506568881462101092,True
H,2,2,nu,0.2195,0.21946410573397609915979029496873935,True
H,2,3,mu,0.7711,0.77108868948080729199704477391185616,True
H,2,3,nu,0.2551,0.25508490012515816657330957003859985,True
H,2,4,mu,0.8138,0.81380840677055161288847294278898069,True
H,2,4,nu,0.2219,0.22191389441356900169787567154612733,True
H,2,5,mu,0.7469,0.74690853049806434061941794714679614,True
H,2,5,nu,0.1978,0.19779212681921812160005808159094671,True
H,3,1,mu,0.6269,0.62220881006479851861446138058181735,False
H,3,1,nu,0.3205,0.32053502818977869151072459616490341,True
H,3,2,mu,0.6792,0.67919898719806478216109025986198249,True
H,3,2,nu,0.5145,0.51445905022850268615777432422174666,True
H,3,3,mu,0.7512,0.75120934399867509512224443572838685,True
H,3,3,nu,0.5578,0.55780031086491376251310530484563778,True
H,3,4,mu,0.6702,0.67023453861590604066500825366043975,True
H,3,4,nu,0.4229,0.42294850537622564781401480001144229,True
H,3,5,mu,0.6459,0.64593715064127198490845498998378704,True
H,3,5,nu,0.3577,0.35769299758602828329869884569898342,True
H,4,1,mu,0.5701,0.57008947194214213495867936301757701,True
H,4,1,nu,0.4691,0.43445414054913318027031538075400727,False
H,4,2,mu,0.7712,0.77108868948080729199704477391185616,False
H,4,2,nu,0.3824,0.38243614936914956667166208926092275,True
H,4,3,mu,0.7,0.7,True
H,4,3,nu,0.2821,0.28210664036322543660118297019428506,True
H,4,4,mu,0.7512,0.75120934399867509512224443572838685,True
H,4,4,nu,0.1569,0.17365700712534423057886117587789453,False
H,4,5,mu,0.7082,0.70816624792123393041071347383306273,True
H,4,5,nu,0.2071,0.20705298476827550086955763884224924,True
final,1,,mu,0.7059,0.70001288388704110316448130510592241,False
final,1,,nu,0.4609,0.46451967137154545579084032595022925,False
final,2,,mu,0.8063,0.8062580475478875326950175354850193,True
final,2,,nu,0.2159,0.21589065275149903436740564018705488,True
final,3,,mu,0.6809,0.68039004746632786903867963988895011,False
final,3,,nu,0.427,0.42703948490853169237260609341107198,True
final,4,,mu,0.7206,0.72059564341192092591871344245658057,True
final,4,,nu,0.2591,0.26400123476857725834741414906379441,False
score,1,,rho,0.3723,0.37663896842259079734462902009759429,False
score,2,,rho,0.278,0.278001688362896830955623951181832,True
score,3,,rho,0.3842,0.38454978861900623455533482491153732,False
score,4,,rho,0.3491,0.34918864815579933983399300065434462,False
