q,matched_score_error,matched_ranking,raw_admissible,raw_ranking,raw_scores,matched_scores
1,5.2710989716152616121742870256350095e-82,Z2>Z4>Z1>Z3,False,inadmissible,,0.37663896842259079734462902009759429;0.278001688362896830955623951181832;0.38454978861900623455533482491153732;0.34918864815579933983399300065434462
2,1.0542197943230523224348574051270019e-81,Z2>Z4>Z1>Z3,True,Z2>Z4>Z3>Z1,0.3473298927388849762158499950624231;0.22077997422600901023730560027954713;0.34599581764219819441070502002514292;0.29231998513963698091142339106023298,0.37663896842259079734462902009759429;0.278001688362896830955623951181832;0.38454978861900623455533482491153732;0.34918864815579933983399300065434462
3,0.0,Z2>Z4>Z1>Z3,True,Z2>Z4>Z1>Z3,0.37663896842259079734462902009759429;0.278001688362896830955623951181832;0.38454978861900623455533482491153732;0.34918864815579933983399300065434462,0.37663896842259079734462902009759429;0.278001688362896830955623951181832;0.38454978861900623455533482491153732;0.34918864815579933983399300065434462
4,1.0542197943230523224348574051270019e-81,Z2>Z4>Z1>Z3,True,Z2>Z4>Z1>Z3,0.40765529708521769140311075955299901;0.32282556861401051408792988659700706;0.41901998214723241692594218782222421;0.3906989084555967236678101346789915,0.37663896842259079734462902009759429;0.278001688362896830955623951181832;0.38454978861900623455533482491153732;0.34918864815579933983399300065434462
5,1.0542197943230523224348574051270019e-81,Z2>Z4>Z1>Z3,True,Z2>Z4>Z1>Z3,0.43112999807529805648822447177152352;0.35704726327419767566249382303096284;0.44310186135241514435644491806256528;0.4198178158730855551767516800481933,0.37663896842259079734462902009759429;0.278001688362896830955623951181832;0.38454978861900623455533482491153732;0.34918864815579933983399300065434462
6,1.5813296914845784836522861076905029e-81,Z2>Z4>Z1>Z3,True,Z2>Z4>Z1>Z3,0.44843592929245038316652626249051489;0.38341453774983632564683054728991786;0.45977287616410863798921789002889292;0.44045879402941934481416005978297952,0.37663896842259079734462902009759429;0.278001688362896830955623951181832;0.38454978861900623455533482491153732;0.34918864815579933983399300065434462
7,1.5813296914845784836522861076905029e-81,Z2>Z4>Z1>Z3,True,Z2>Z4>Z1>Z3,0.46115060922782469722073617069284767;0.40397742876696847749602925935815065;0.47132020870335502989969632301912689;0.45530431080008931412711242648624911,0.37663896842259079734462902009759429;0.278001688362896830955623951181832;0.38454978861900623455533482491153732;0.34918864815579933983399300065434462
8,1.0542197943230523224348574051270019e-81,Z2>Z4>Z1>Z3,True,Z2>Z4>Z1>Z3,0.47050742741873953255211483274150794;0.42020439287781041631530448913691228;0.47936997045964926740500944408361889;0.46613394643745296903833208550375619,0.37663896842259079734462902009759429;0.278001688362896830955623951181832;0.38454978861900623455533482491153732;0.34918864815579933983399300065434462
9,1.0542197943230523224348574051270019e-81,Z2>Z4>Z1>Z3,True,Z2>Z4>Z1>Z3,0.47745312417866693579431030629874452;0.43315107721204105258966206204946564;0.48502763680900306669305512647872244;0.47413540569138279670727461048030249,0.37663896842259079734462902009759429;0.278001688362896830955623951181832;0.38454978861900623455533482491153732;0.34918864815579933983399300065434462
10,1.0542197943230523224348574051270019e-81,Z2>Z4>Z1>Z3,True,Z2>Z4>Z1>Z3,0.48265440649541353847429449025548883;0.44358580570712234243692587190462551;0.48903935915516363911924973484280728;0.4801133604191990778714160216099419,0.37663896842259079734462902009759429;0.278001688362896830955623951181832;0.38454978861900623455533482491153732;0.34918864815579933983399300065434462
11,1.5813296914845784836522861076905029e-81,Z2>Z4>Z1>Z3,True,Z2>Z4>Z1>Z3,0.48658173273050741581616718457294678;0.45207527805077765373037644555621087;0.49190977201912600199301948137075814;0.48462249028468006393121277057982206,0.37663896842259079734462902009759429;0.278001688362896830955623951181832;0.38454978861900623455533482491153732;0.34918864815579933983399300065434462
12,1.5813296914845784836522861076905029e-81,Z2>Z4>Z1>Z3,True,Z2>Z4>Z1>Z3,0.48956966939949338731739931609617559;0.45904265289669726906900811539879164;0.49398200583946438409174005261076581;0.48805171132071403734908793219987362,0.37663896842259079734462902009759429;0.278001688362896830955623951181832;0.38454978861900623455533482491153732;0.34918864815579933983399300065434462
13,1.5813296914845784836522861076905029e-81,Z2>Z4>Z1>Z3,True,Z2>Z4>Z1>Z3,0.49185841965383901238249113095809573;0.46480742632116386933060415554262401;0.49549103387118852869662004665206154;0.49067803910811540980807603733397565,0.37663896842259079734462902009759429;0.278001688362896830955623951181832;0.38454978861900623455533482491153732;0.34918864815579933983399300065434462
14,2.1084395886461046448697148102540038e-81,Z2>Z4>Z1>Z3,True,Z2>Z4>Z1>Z3,0.49362217922129395539801798780034522;0.46961327633066017677271888475217046;0.49659906876281092356964626490557851;0.492701599694362788068627549466332,0.37663896842259079734462902009759429;0.278001688362896830955623951181832;0.38454978861900623455533482491153732;0.34918864815579933983399300065434462
15,2.1084395886461046448697148102540038e-81,Z2>Z4>Z1>Z3,True,Z2>Z4>Z1>Z3,0.49498855095193793789799793215048262;0.47364781126053111874687114484285481;0.49741906229208786682580142456510106;0.49426880304766740027613988092302964,0.37663896842259079734462902009759429;0.278001688362896830955623951181832;0.38454978861900623455533482491153732;0.34918864815579933983399300065434462
16,2.1084395886461046448697148102540038e-81,Z2>Z4>Z1>Z3,True,Z2>Z4>Z1>Z3,0.49605192179576231640145553883748027;0.47705676444923000529045955973511469;0.49803036349230996956334009668244446;0.49548795954334252421443730414917831,0.37663896842259079734462902009759429;0.278001688362896830955623951181832;0.38454978861900623455533482491153732;0.34918864815579933983399300065434462
17,2.6355494858076308060871435128175048e-81,Z2>Z4>Z1>Z3,True,Z2>Z4>Z1>Z3,0.49688275469639058813477507221103369;0.47995431297839404259305329846657524;0.49848921065977465069416992201486719;0.49643998407805658507837740423070167,0.37663896842259079734462902009759429;0.278001688362896830955623951181832;0.38454978861900623455533482491153732;0.34918864815579933983399300065434462
18,2.6355494858076308060871435128175048e-81,Z2>Z4>Z1>Z3,True,Z2>Z4>Z1>Z3,0.49753410272823139029237237329607542;0.48243065238352659483921967618212575;0.49883581066435877092648111987111131;0.49718584921173552398274945938838415,0.37663896842259079734462902009759429;0.278001688362896830955623951181832;0.38454978861900623455533482491153732;0.34918864815579933983399300065434462
19,3.1626593829691569673045722153810057e-81,Z2>Z4>Z1>Z3,True,Z2>Z4>Z1>Z3,0.498046221632561012340962685812309;0.48455760562751891353118201110231348;0.49909915280390744422414721599641489;0.49777184990349137555091897307846948,0.37663896842259079734462902009759429;0.278001688362896830955623951181832;0.38454978861900623455533482491153732;0.34918864815579933983399300065434462
20,2.1084395886461046448697148102540038e-81,Z2>Z4>Z1>Z3,True,Z2>Z4>Z1>Z3,0.49844986993022762778098676803926709;0.48639280986483444445513763261222857;0.49930030917457115647332772720215375;0.49823337152224786776718299987472872,0.37663896842259079734462902009759429;0.278001688362896830955623951181832;0.38454978861900623455533482491153732;0.34918864815579933983399300065434462
21,2.6355494858076308060871435128175048e-81,Z2>Z4>Z1>Z3,True,Z2>Z4>Z1>Z3,0.49876869487197392666016327110915425;0.48798286536363990387081920288048652;0.49945471651680726902062862446411695;0.49859761902413211084138789769967136,0.37663896842259079734462902009759429;0.278001688362896830955623951181832;0.38454978861900623455533482491153732;0.34918864815579933983399300065434462
22,3.6897692801306831285220009179445067e-81,Z2>Z4>Z1>Z3,True,Z2>Z4>Z1>Z3,0.49902097526026461272150251659993242;0.48936572120231344003778223468910141;0.49957376722911594549732797121291224;0.49888561524578690424654672645458637,0.37663896842259079734462902009759429;0.278001688362896830955623951181832;0.38454978861900623455533482491153732;0.34918864815579933983399300065434462
23,4.2168791772922092897394296205080076e-81,Z2>Z4>Z1>Z3,True,Z2>Z4>Z1>Z3,0.49922090708974980993373449921040961;0.49057249564741866587919287611284696;0.49966592799612501361021305442462678;0.49911367849407748239892278570787252,0.37663896842259079734462902009759429;0.278001688362896830955623951181832;0.38454978861900623455533482491153732;0.34918864815579933983399300065434462
24,5.2710989716152616121742870256350095e-82,Z2>Z4>Z1>Z3,True,Z2>Z4>Z1>Z3,0.49937956074901400175223715293164238;0.49162887492169683646869667815290022;0.49973753274732308617960781093482147;0.49929452486539697423023423351777172,0.37663896842259079734462902009759429;0.278001688362896830955623951181832;0.38454978861900623455533482491153732;0.34918864815579933983399300065434462
25,3.1626593829691569673045722153810057e-81,Z2>Z4>Z1>Z3,True,Z2>Z4>Z1>Z3,0.49950559980592479893802410788395915;0.49255619543586295707946565931269554;0.49979334925902205820436723059033067;0.49943809722054773004799940934761224,0.37663896842259079734462902009759429;0.278001688362896830955623951181832;0.38454978861900623455533482491153732;0.34918864815579933983399300065434462
26,1.5813296914845784836522861076905029e-81,Z2>Z4>Z1>Z3,True,Z2>Z4>Z1>Z3,0.4996058249785093274982381280479149;0.49337228680940705304248641663668273;0.4998369871595225855802368068352398;0.49955219310552734861162014184316612,0.37663896842259079734462902009759429;0.278001688362896830955623951181832;0.38454978861900623455533482491153732;0.34918864815579933983399300065434462
27,3.1626593829691569673045722153810057e-81,Z2>Z4>Z1>Z3,True,Z2>Z4>Z1>Z3,0.4996855887019949248030224887976634;0.49409213294233928143383795770456799;0.49987119393664743912460871690875021;0.49964294346243083199278658962332815,0.37663896842259079734462902009759429;0.278001688362896830955623951181832;0.38454978861900623455533482491153732;0.34918864815579933983399300065434462
28,3.1626593829691569673045722153810057e-81,Z2>Z4>Z1>Z3,True,Z2>Z4>Z1>Z3,0.49974911305453923410485025023591975;0.4947283938037380614850466827707715;0.49989807124577302606936516055310762;0.49971517969834398598831219444430404,0.37663896842259079734462902009759429;0.278001688362896830955623951181832;0.38454978861900623455533482491153732;0.34918864815579933983399300065434462
29,1.5813296914845784836522861076905029e-81,Z2>Z4>Z1>Z3,True,Z2>Z4>Z1>Z3,0.49979973491989260395366823529504327;0.49529181992168194901229152112088169;0.49991923407687041363513405355930951;0.49977271659851478231318850375889206,0.37663896842259079734462902009759429;0.278001688362896830955623951181832;0.38454978861900623455533482491153732;0.34918864815579933983399300065434462
30,2.1084395886461046448697148102540038e-81,Z2>Z4>Z1>Z3,True,Z2>Z4>Z1>Z3,0.4998400959594289542974506666968213;0.49579158369761490135026198594167529;0.49993592865533716296185752167944279;0.49981857137448233610937047072861003,0.37663896842259079734462902009759429;0.278001688362896830955623951181832;0.38454978861900623455533482491153732;0.34918864815579933983399300065434462
31,3.1626593829691569673045722153810057e-81,Z2>Z4>Z1>Z3,True,Z2>Z4>Z1>Z3,0.49987229044358155801204351039521128;0.49623554584889009452562466441381263;0.49994912033034961164775437960606339;0.49985513395022695551740104499226932,0.37663896842259079734462902009759429;0.278001688362896830955623951181832;0.38454978861900623455533482491153732;0.34918864815579933983399300065434462
32,5.7982088687767877733917157281985105e-81,Z2>Z4>Z1>Z3,True,Z2>Z4>Z1>Z3,0.49989798071622191267915511921077648;0.49663047095095395945527851836048555;0.49995955948605507739332243834705828;0.49988429981390105254698027439978801,0.37663896842259079734462902009759429;0.278001688362896830955623951181832;0.38454978861900623455533482491153732;0.34918864815579933983399300065434462
33,5.7982088687767877733917157281985105e-81,Z2>Z4>Z1>Z3,True,Z2>Z4>Z1>Z3,0.4999184876683663430999652588489095;0.49698220280685578150307779158413282;0.49996783125329490336951984614212421;0.49990757399041677792943346962909417,0.37663896842259079734462902009759429;0.278001688362896830955623951181832;0.38454978861900623455533482491153732;0.34918864815579933983399300065434462
34,2.6355494858076308060871435128175048e-81,Z2>Z4>Z1>Z3,True,Z2>Z4>Z1>Z3,0.49993486182746882641025023361473122;0.49729580792904140799849186702788326;0.49997439320474241663231286505182644;0.49992615263755389415336675134077003,0.37663896842259079734462902009759429;0.278001688362896830955623951181832;0.38454978861900623455533482491153732;0.34918864815579933983399300065434462
35,5.2710989716152616121742870256350095e-81,Z2>Z4>Z1>Z3,True,Z2>Z4>Z1>Z3,0.49994793935007811082500707014517724;0.49757569356835305940025696726342052;0.49997960408199341818144553606483636;0.49994098723669181121089542420836341,0.37663896842259079734462902009759429;0.278001688362896830955623951181832;0.38454978861900623455533482491153732;0.34918864815579933983399300065434462
36,1.106930784039204938556600275383352e-80,Z2>Z4>Z1>Z3,True,Z2>Z4>Z1>Z3,0.49995838621567487366208917124829576;0.49782570531604505351216016086072005;0.49998374579086596626752958645111028;0.49995283519828089966083332054284336,0.37663896842259079734462902009759429;0.278001688362896830955623951181832;0.38454978861900623455533482491153732;0.34918864815579933983399300065434462
37,5.2710989716152616121742870256350095e-81,Z2>Z4>Z1>Z3,True,Z2>Z4>Z1>Z3,0.49996673317074528645071334240858542;0.49804920822534173966531395353309589;0.49998704031565866218586196932014188;0.49996229983145756532554002196436425,0.37663896842259079734462902009759429;0.278001688362896830955623951181832;0.38454978861900623455533482491153732;0.34918864815579933983399300065434462
38,6.3253187659383139346091444307620114e-81,Z2>Z4>Z1>Z3,True,Z2>Z4>Z1>Z3,0.49997340340205259457643417141268989;0.49824915456786974128476161302345869;0.49998966277833317453930877602503671;0.49996986196452979058008557287072321,0.37663896842259079734462902009759429;0.278001688362896830955623951181832;0.38454978861900623455533482491153732;0.34918864815579933983399300065434462
39,4.2168791772922092897394296205080076e-81,Z2>Z4>Z1>Z3,True,Z2>Z4>Z1>Z3,0.49997873448140837879463619880389302;0.49842814069673782359624057738821893;0.49999175155845046616965437113319881;0.49997590499592390228761707225117822,0.37663896842259079734462902009759429;0.278001688362896830955623951181832;0.38454978861900623455533482491153732;0.34918864815579933983399300065434462
40,4.7439890744537354509568583230715086e-81,Z2>Z4>Z1>Z3,True,Z2>Z4>Z1>Z3,0.49998299578800044932813196874280709;0.49858845498716581552518092517128711;0.49999341616185321926441175139208855;0.49998073476513629031891216515090719,0.37663896842259079734462902009759429;0.278001688362896830955623951181832;0.38454978861900623455533482491153732;0.34918864815579933983399300065434462
41,5.2710989716152616121742870256350095e-81,Z2>Z4>Z1>Z3,True,Z2>Z4>Z1>Z3,0.49998640235418320441400072304949466;0.49873211843377978468282641848002887;0.49999474335769811425176759118361983;0.4999845953318854439837863775741489,0.37663896842259079734462902009759429;0.278001688362896830955623951181832;0.38454978861900623455533482491153732;0.34918864815579933983399300065434462
42,6.3253187659383139346091444307620114e-81,Z2>Z4>Z1>Z3,True,Z2>Z4>Z1>Z3,0.49998912587851283835633730070021487;0.49886091917574336323755537350822764;0.49999580197825923708728761579724818;0.49998768151789358460274449965309564,0.37663896842259079734462902009759429;0.278001688362896830955623951181832;0.38454978861900623455533482491153732;0.34918864815579933983399300065434462
43,8.9608682517459447406962879435795162e-81,Z2>Z4>Z1>Z3,True,Z2>Z4>Z1>Z3,0.49999130349218936256160791402779754;0.49897644197770651216183562572690265;0.49999664668233402197645429092072035;0.49999014888372754093068973863694358,0.37663896842259079734462902009759429;0.278001688362896830955623951181832;0.38454978861900623455533482491153732;0.34918864815579933983399300065434462
44,3.6897692801306831285220009179445067e-81,Z2>Z4>Z1>Z3,True,Z2>Z4>Z1>Z3,0.49999304474175168444317943142079105;0.49908009350163224564006133700307748;0.4999973209127311408808138121611113;0.49999212167097235384022709392653144,0.37663896842259079734462902009759429;0.278001688362896830955623951181832;0.38454978861900623455533482491153732;0.34918864815579933983399300065434462
45,1.0015088046068997063131145348706518e-80,Z2>Z4>Z1>Z3,True,Z2>Z4>Z1>Z3,0.49999443715411985646432360979121802;0.49917312405084535470096670086932528;0.49999785922515989400090714163129156;0.49999369912865567381621263385879675,0.37663896842259079734462902009759429;0.278001688362896830955623951181832;0.38454978861900623455533482491153732;0.34918864815579933983399300065434462
46,5.2710989716152616121742870256350095e-81,Z2>Z4>Z1>Z3,True,Z2>Z4>Z1>Z3,0.49999555067397868380993639925136594;0.49925664634464546952619458806386877;0.49999828912547228606819739364445568;0.49999496055538974786726986728127816,0.37663896842259079734462902009759429;0.278001688362896830955623951181832;0.38454978861900623455533482491153732;0.34918864815579933983399300065434462
47,2.6355494858076308060871435128175048e-81,Z2>Z4>Z1>Z3,True,Z2>Z4>Z1>Z3,0.4999964412035104756279716495535035;0.49933165178299376600062149300033535;0.4999986325214102665971436885818029;0.49999596931986393711323542450255851,0.37663896842259079734462902009759429;0.278001688362896830955623951181832;0.38454978861900623455533482491153732;0.34918864815579933983399300065434462
48,6.3253187659383139346091444307620114e-81,Z2>Z4>Z1>Z3,True,Z2>Z4>Z1>Z3,0.49999715342711006884011762009169188;0.49939902458104694427487250895281222;0.49999890687140927244044587211847708;0.49999677606803262484843828372215284,0.37663896842259079734462902009759429;0.278001688362896830955623951181832;0.38454978861900623455533482491153732;0.34918864815579933983399300065434462
49,1.2123527634715101708000860158960522e-80,Z2>Z4>Z1>Z3,True,Z2>Z4>Z1>Z3,0.49999772306623880760136358768386711;0.49945955408872734115729660526097549;0.49999912609484863186489615484538187;0.49999742128245194193697128938531694,0.37663896842259079734462902009759429;0.278001688362896830955623951181832;0.38454978861900623455533482491153732;0.34918864815579933983399300065434462
50,6.3253187659383139346091444307620114e-81,Z2>Z4>Z1>Z3,True,Z2>Z4>Z1>Z3,0.49999817867988503569130999045488988;0.49951394555799990259174039353806553;0.49999930129411169619263917474065999;0.49999793732527898088423367074533033,0.37663896842259079734462902009759429;0.278001688362896830955623951181832;0.38454978861900623455533482491153732;0.34918864815579933983399300065434462
