q,raw_method1_rank,controlled_method1_rank,raw_method2_rank,controlled_method2_rank,raw_m1_cc_A1,ctrl_m1_cc_A1,raw_m2_cc_A1,ctrl_m2_cc_A1,raw_m1_cc_A2,ctrl_m1_cc_A2,raw_m2_cc_A2,ctrl_m2_cc_A2,raw_m1_cc_A3,ctrl_m1_cc_A3,raw_m2_cc_A3,ctrl_m2_cc_A3,raw_m1_cc_A4,ctrl_m1_cc_A4,raw_m2_cc_A4,ctrl_m2_cc_A4,raw_m1_cc_A5,ctrl_m1_cc_A5,raw_m2_cc_A5,ctrl_m2_cc_A5,raw_m1_cc_A6,ctrl_m1_cc_A6,raw_m2_cc_A6,ctrl_m2_cc_A6,raw_m1_cc_A7,ctrl_m1_cc_A7,raw_m2_cc_A7,ctrl_m2_cc_A7
2,A1>A6>A3>A7>A2>A5>A4,A1>A6>A3>A2>A7>A5>A4,A1>A3>A2>A6>A7>A5>A4,A1>A6>A3>A2>A7>A5>A4,0.7781631695956926,0.7215459602530205,0.8107439682308409,0.7505870637368471,0.5676556229219797,0.4038517960017304,0.6182231215591066,0.4933902432132711,0.5919696177809389,0.4402080849578781,0.6194300337684617,0.5056890141423553,0.27848659010171484,0.2599163103131016,0.2327991747010887,0.22741732401229658,0.36893098461453466,0.30474509721359105,0.4310110348505601,0.3957482064714766,0.6537786799442618,0.5297288897791679,0.5933401033934035,0.5518418477358032,0.5685002601304374,0.37592943126591954,0.5467483553252022,0.4563136813742408
3,A1>A6>A3>A2>A7>A5>A4,A1>A6>A3>A2>A7>A5>A4,A1>A6>A3>A2>A7>A5>A4,A1>A6>A3>A2>A7>A5>A4,0.7581326383851309,0.7215459602530208,0.7910220327261801,0.7505870637368472,0.499546721095314,0.40385179600173043,0.5741659779511633,0.49339024321327113,0.5313868988305589,0.44020808495787817,0.580207812202678,0.5056890141423553,0.27447012313670816,0.2599163103131016,0.2348863276316287,0.22741732401229658,0.33393047410385174,0.30474509721359105,0.4200028288408117,0.39574820647147674,0.6017902212057773,0.5297288897791679,0.581064219103802,0.5518418477358032,0.49592856624252213,0.37592943126591954,0.5198455607420949,0.45631368137424094
4,A1>A6>A3>A2>A7>A5>A4,A1>A6>A3>A2>A7>A5>A4,A1>A6>A3>A2>A7>A5>A4,A1>A6>A3>A2>A7>A5>A4,0.7388339268811657,0.7215459602530205,0.7701726960131912,0.750587063736847,0.44471294029015646,0.40385179600173043,0.5310084085052353,0.4933902432132711,0.48014888596087724,0.44020808495787805,0.5405258416099838,0.505689014142355,0.2668852675103923,0.25991631031310164,0.23119436909744268,0.22741732401229672,0.31477070918820904,0.3047450972135911,0.40742325777135624,0.39574820647147657,0.5605487801253739,0.5297288897791678,0.5668342566923714,0.5518418477358032,0.42971715979249553,0.37592943126591954,0.4874791125962558,0.45631368137424067
5,A1>A6>A3>A2>A7>A5>A4,A1>A6>A3>A2>A7>A5>A4,A1>A6>A3>A2>A7>A5>A4,A1>A6>A3>A2>A7>A5>A4,0.7215459602530206,0.7215459602530206,0.7505870637368471,0.7505870637368471,0.4038517960017304,0.4038517960017304,0.4933902432132711,0.4933902432132711,0.4402080849578781,0.4402080849578781,0.5056890141423551,0.5056890141423551,0.2599163103131016,0.2599163103131016,0.22741732401229658,0.22741732401229658,0.30474509721359105,0.30474509721359105,0.3957482064714766,0.3957482064714766,0.5297288897791679,0.5297288897791679,0.5518418477358032,0.5518418477358032,0.3759294312659196,0.3759294312659196,0.45631368137424083,0.45631368137424083
6,A1>A6>A3>A2>A7>A5>A4,A1>A6>A3>A2>A7>A5>A4,A1>A6>A3>A2>A7>A5>A4,A1>A6>A3>A2>A7>A5>A4,0.7067062816188977,0.7215459602530203,0.7332789760807155,0.750587063736847,0.37414709335951,0.40385179600173027,0.46171775238604373,0.49339024321327096,0.4095788492417982,0.44020808495787805,0.47612774101109034,0.505689014142355,0.2551624632737648,0.25991631031310164,0.22523887714909158,0.2274173240122967,0.2991054909141725,0.30474509721359105,0.38504738976939656,0.3957482064714765,0.5061696932957723,0.5297288897791679,0.5367580076589541,0.5518418477358032,0.33504592737248823,0.3759294312659195,0.4284970208953689,0.45631368137424067
7,A1>A6>A3>A2>A7>A5>A4,A1>A6>A3>A2>A7>A5>A4,A1>A6>A3>A2>A7>A5>A4,A1>A6>A3>A2>A7>A5>A4,0.6941727782290584,0.7215459602530205,0.7183455463612863,0.7505870637368471,0.35270559135415963,0.4038517960017304,0.43537067212059943,0.4933902432132709,0.38603987104615894,0.44020808495787805,0.4511781731569,0.505689014142355,0.2527948964931265,0.2599163103131018,0.22512072824328877,0.22741732401229675,0.2956619207305073,0.30474509721359105,0.3752626921357877,0.3957482064714765,0.48756238772203925,0.5297288897791679,0.5220039935328492,0.5518418477358032,0.30592271247946057,0.37592943126591966,0.4045243011610662,0.45631368137424067
8,A1>A6>A3>A2>A5>A7>A4,A1>A6>A3>A2>A7>A5>A4,A1>A6>A3>A2>A7>A5>A4,A1>A6>A3>A2>A7>A5>A4,0.6836269476217108,0.7215459602530211,0.7055533674147761,0.7505870637368474,0.33719898722259717,0.40385179600173055,0.4135048238061029,0.4933902432132713,0.36779750964194347,0.4402080849578783,0.43002055681561546,0.5056890141423553,0.25236252209008125,0.25991631031310164,0.22684867717499393,0.22741732401229667,0.29343175594624066,0.30474509721359105,0.3663159833495121,0.3957482064714768,0.4724558093686073,0.5297288897791679,0.5078739396305145,0.5518418477358032,0.28654590933339974,0.37592943126591977,0.38422342011227156,0.45631368137424094
9,A1>A6>A3>A2>A5>A7>A4,A1>A6>A3>A2>A7>A5>A4,A1>A6>A3>A2>A7>A5>A4,A1>A6>A3>A2>A7>A5>A4,0.6747433685007557,0.7215459602530209,0.6945957540497922,0.7505870637368472,0.32589626679527445,0.4038517960017305,0.3953044931962737,0.4933902432132712,0.3535086827107732,0.4402080849578782,0.4119299827522834,0.5056890141423553,0.25326766968689574,0.2599163103131016,0.2299357885443654,0.2274173240122966,0.29192801827422876,0.30474509721359105,0.3581297373908384,0.3957482064714766,0.45993955223018984,0.5297288897791678,0.4945649473641423,0.5518418477358031,0.27456943387156435,0.3759294312659196,0.3671836127394792,0.4563136813742409
10,A1>A6>A3>A2>A5>A7>A4,A1>A6>A3>A2>A7>A5>A4,A1>A6>A3>A2>A7>A5>A4,A1>A6>A3>A2>A7>A5>A4,0.6672397893268898,0.7215459602530205,0.6851843826817631,0.750587063736847,0.31755750554941775,0.4038517960017302,0.380064320905106,0.49339024321327096,0.342187872278983,0.44020808495787794,0.39632528120221844,0.505689014142355,0.25498511213556296,0.25991631031310164,0.23386426427867862,0.22741732401229667,0.29087732916423403,0.30474509721359094,0.35063372470156784,0.3957482064714764,0.449417160559821,0.5297288897791678,0.48219510596605,0.5518418477358032,0.2677981182638074,0.37592943126591927,0.3529422704865736,0.4563136813742405
11,A1>A6>A3>A2>A5>A7>A4,A1>A6>A3>A2>A7>A5>A4,A1>A6>A3>A2>A5>A7>A4,A1>A6>A3>A2>A7>A5>A4,0.6608840165425033,0.7215459602530209,0.6770742744404665,0.7505870637368474,0.31131145660040144,0.4038517960017303,0.36720645488427617,0.4933902432132712,0.33311368976259925,0.44020808495787817,0.38275759300939277,0.5056890141423553,0.25712458012303313,0.25991631031310136,0.23819849438697294,0.22741732401229645,0.2901115053251088,0.30474509721359083,0.34376726055744594,0.3957482064714768,0.4404757383962775,0.529728889779168,0.4708202257057748,0.5518418477358034,0.2644655927458628,0.3759294312659196,0.3410617460533063,0.456313681374241
12,A1>A6>A3>A2>A5>A7>A4,A1>A6>A3>A2>A7>A5>A4,A1>A6>A3>A2>A5>A7>A4,A1>A6>A3>A2>A7>A5>A4,0.6554880379776945,0.7215459602530208,0.6700648732068137,0.7505870637368471,0.30655113157567865,0.40385179600173027,0.3562713157635923,0.493390243213271,0.32575573045259903,0.4402080849578779,0.37088389770793095,0.505689014142355,0.25942241552335477,0.25991631031310175,0.24261701231827018,0.2274173240122967,0.2895221846427946,0.30474509721359083,0.3374789028463868,0.39574820647147646,0.4328143848195342,0.529728889779168,0.4604492065448302,0.5518418477358034,0.2632906791927001,0.3759294312659195,0.331155990098344,0.45631368137424067
13,A1>A6>A3>A2>A5>A7>A4,A1>A6>A3>A2>A7>A5>A4,A1>A6>A3>A2>A5>A7>A4,A1>A6>A3>A2>A7>A5>A4,0.6508997811064633,0.7215459602530204,0.6639937913116432,0.7505870637368469,0.30285424574028613,0.40385179600173027,0.3468989831246601,0.4933902432132708,0.3197211610084078,0.440208084957878,0.3604406743334307,0.5056890141423549,0.2617120550602203,0.25991631031310175,0.2469043720960882,0.2274173240122967,0.28903859569223583,0.30474509721359105,0.3317248169851333,0.3957482064714764,0.4262045438378656,0.5297288897791678,0.4510572641689348,0.5518418477358031,0.26340555891774564,0.37592943126591927,0.32289525327069785,0.45631368137424044
14,A1>A6>A3>A2>A5>A7>A4,A1>A6>A3>A2>A7>A5>A4,A1>A6>A3>A2>A5>A7>A4,A1>A6>A3>A2>A7>A5>A4,0.6469956150388554,0.7215459602530211,0.6587292867209134,0.7505870637368477,0.29992603147075597,0.40385179600173043,0.3388091654131532,0.49339024321327135,0.31471659408931973,0.4402080849578784,0.3512222678313518,0.5056890141423555,0.26389463498013205,0.25991631031310186,0.25092897036523115,0.22741732401229667,0.28861476405917236,0.3047450972135911,0.3264667446874242,0.3957482064714768,0.420467223853676,0.5297288897791682,0.4425967598621668,0.5518418477358036,0.264247573425172,0.37592943126591993,0.31600209034006954,0.45631368137424105
15,A1>A6>A3>A2>A5>A4>A7,A1>A6>A3>A2>A7>A5>A4,A1>A6>A3>A2>A5>A7>A4,A1>A6>A3>A2>A7>A5>A4,0.6436742671205141,0.72154596025302,0.6541635096739647,0.7505870637368466,0.297559414653599,0.40385179600173027,0.3317832037322396,0.49339024321327074,0.31052101027332096,0.44020808495787805,0.34306460022232804,0.5056890141423549,0.26591603860336227,0.25991631031310164,0.25461977853118434,0.22741732401229678,0.2882213197683761,0.3047450972135912,0.32167015400212406,0.3957482064714765,0.41545921524450835,0.5297288897791679,0.4350057451238492,0.5518418477358032,0.2654622812280113,0.3759294312659195,0.3102446350499062,0.45631368137424055
16,A1>A6>A3>A2>A5>A4>A7,A1>A6>A3>A2>A7>A5>A4,A1>A6>A3>A2>A5>A7>A4,A1>A6>A3>A2>A7>A5>A4,0.640852083775892,0.7215459602530211,0.650207041876194,0.7505870637368475,0.2956077264379028,0.4038517960017309,0.3256492592881655,0.49339024321327163,0.3069664712581284,0.44020808495787855,0.3358335032452208,0.5056890141423556,0.2677507039943819,0.2599163103131016,0.25794691317604407,0.22741732401229642,0.28783998895447754,0.3047450972135913,0.31730283172663737,0.395748206471477,0.4110642444462581,0.5297288897791678,0.4282144889661089,0.5518418477358034,0.26683128560929636,0.37592943126592,0.30542964597345185,0.45631368137424116
17,A1>A6>A3>A2>A5>A4>A7,A1>A6>A3>A2>A7>A5>A4,A1>A6>A3>A2>A5>A7>A4,A1>A6>A3>A2>A7>A5>A4,0.6384593884601633,0.7215459602530196,0.6467847005656843,0.7505870637368466,0.29396612257995297,0.40385179600173005,0.32027073229114467,0.4933902432132708,0.30392429562113854,0.4402080849578776,0.3294166222301321,0.5056890141423547,0.26939076804862183,0.2599163103131014,0.2609070348083883,0.2274173240122966,0.2874598398694081,0.30474509721359105,0.31333396729593765,0.39574820647147657,0.4071869522549013,0.5297288897791678,0.4221503020829115,0.551841847735803,0.2682230320721656,0.375929431265919,0.3013962335225983,0.45631368137424044
18,A1>A6>A3>A2>A5>A4>A7,A1>A6>A3>A2>A7>A5>A4,A1>A6>A3>A2>A5>A7>A4,A1>A6>A3>A2>A7>A5>A4,0.6364376876931502,0.7215459602530205,0.6438324035923358,0.7505870637368475,0.2925589325211888,0.40385179600173066,0.315537501323148,0.49339024321327135,0.30129507407570144,0.4402080849578783,0.3237179098956835,0.5056890141423553,0.27083899057149624,0.25991631031310164,0.26351301865825233,0.22741732401229645,0.28707473114393506,0.304745097213591,0.30973366401650404,0.3957482064714767,0.40374857506340983,0.5297288897791682,0.41674096881185557,0.5518418477358034,0.26956071343531,0.37592943126592004,0.29801049503197763,0.4563136813742411
19,A1>A6>A3>A2>A5>A4>A7,A1>A6>A3>A2>A7>A5>A4,A1>A6>A3>A2>A5>A7>A4,A1>A6>A3>A2>A7>A5>A4,0.6347375191803294,0.7215459602530211,0.6412948614714471,0.7505870637368475,0.2913310117359908,0.40385179600173055,0.31135943944709327,0.49339024321327135,0.2990014001680768,0.44020808495787844,0.31865391974166646,0.5056890141423555,0.27210422247501675,0.2599163103131017,0.26578693616891286,0.22741732401229656,0.28668159242410507,0.3047450972135908,0.30647276993458694,0.39574820647147657,0.4006837148636921,0.5297288897791684,0.41191707290259544,0.5518418477358036,0.27080177634270125,0.3759294312659199,0.2951610214522784,0.4563136813742411
20,A1>A6>A3>A2>A5>A4>A7,A1>A6>A3>A2>A7>A5>A4,A1>A6>A3>A2>A5>A7>A4,A1>A6>A3>A2>A7>A5>A4,0.6333167829419744,0.7215459602530202,0.6391238863426211,0.7505870637368468,0.2902417921514556,0.40385179600173027,0.30766168149729467,0.4933902432132708,0.29698253592027885,0.4402080849578783,0.31415130960642895,0.505689014142355,0.27319854242424463,0.25991631031310153,0.2677554346678774,0.22741732401229656,0.2862792783301851,0.3047450972135912,0.303522917744975,0.39574820647147657,0.3979378471111395,0.5297288897791678,0.40761346862262765,0.5518418477358031,0.2719249536768986,0.3759294312659194,0.29275515848943384,0.45631368137424044
21,A1>A6>A3>A2>A5>A4>A7,A1>A6>A3>A2>A7>A5>A4,A1>A6>A3>A2>A5>A7>A4,A1>A6>A3>A2>A7>A5>A4,0.6321394359858922,0.7215459602530204,0.6372771477915573,0.750587063736847,0.2892611558396874,0.4038517960017306,0.30438119430551397,0.4933902432132711,0.2951904670073406,0.44020808495787833,0.3101451369756411,0.5056890141423552,0.27413547278683337,0.25991631031310164,0.26944678641400444,0.22741732401229675,0.28586781336833433,0.30474509721359133,0.30085667984748243,0.39574820647147674,0.3954653552796698,0.5297288897791678,0.4037701106572771,0.551841847735803,0.2729220808734238,0.3759294312659195,0.2907158965326862,0.45631368137424055
22,A1>A6>A3>A2>A5>A4>A7,A1>A6>A3>A2>A7>A5>A4,A1>A6>A3>A2>A5>A7>A4,A1>A6>A3>A2>A7>A5>A4,0.6311744617896328,0.7215459602530199,0.6357172458343308,0.7505870637368468,0.2883665475576219,0.4038517960017308,0.30146429299572447,0.49339024321327113,0.29358696343457363,0.4402080849578784,0.3065776599424475,0.5056890141423551,0.27492888834912477,0.25991631031310153,0.27088906936040724,0.2274173240122966,0.2854479005790124,0.3047450972135917,0.2984477679105114,0.3957482064714768,0.39322795745555655,0.5297288897791678,0.40033241824663396,0.5518418477358029,0.273792930152138,0.3759294312659196,0.2889792790032631,0.4563136813742406
23,A1>A6>A3>A2>A5>A4>A7,A1>A6>A3>A2>A7>A5>A4,A1>A6>A3>A2>A5>A7>A4,A1>A6>A3>A2>A7>A5>A4,0.6303950488719773,0.7215459602530203,0.6344110060713467,0.750587063736847,0.2875409351473842,0.40385179600173043,0.29886483172488104,0.49339024321327135,0.2921413732345657,0.44020808495787794,0.3033974544932777,0.5056890141423553,0.2755923672438361,0.25991631031310136,0.2721090997876495,0.22741732401229647,0.2850206062880031,0.30474509721359083,0.29627122909041254,0.3957482064714766,0.3911934340075431,0.529728889779168,0.39725131348082443,0.5518418477358034,0.27454194716618135,0.3759294312659197,0.2874922384651465,0.45631368137424083
24,A1>A6>A3>A2>A5>A4>A7,A1>A6>A3>A2>A7>A5>A4,A1>A6>A3>A2>A5>A7>A4,A1>A6>A3>A2>A7>A5>A4,0.6297779297048672,0.721545960253021,0.6333289295439416,0.7505870637368474,0.28677135507657,0.4038517960017306,0.29654286883577785,0.4933902432132715,0.29082895442782786,0.44020808495787833,0.30055872681023305,0.5056890141423555,0.2761388225676959,0.2599163103131014,0.2731318553867511,0.22741732401229633,0.2845871613195643,0.304745097213591,0.2943036102170246,0.39574820647147685,0.3893345916286941,0.5297288897791679,0.3944830421532691,0.5518418477358035,0.2751761902130858,0.37592943126592004,0.2862107874066712,0.4563136813742412
25,A1>A6>A3>A2>A5>A4>A7,A1>A6>A3>A2>A7>A5>A4,A1>A6>A3>A2>A5>A7>A4,A1>A6>A3>A2>A7>A5>A4,0.6293028436557252,0.7215459602530201,0.6324447505421111,0.7505870637368466,0.2860478654705884,0.4038517960017304,0.29446366292305654,0.4933902432132709,0.2896296050597306,0.44020808495787755,0.2980207455219462,0.5056890141423548,0.2765803108061799,0.2599163103131016,0.2739802119842296,0.22741732401229653,0.2841488385125426,0.3047450972135911,0.29252307583894693,0.3957482064714767,0.3876284157571642,0.5297288897791679,0.39198885877671114,0.5518418477358031,0.2757040328863062,0.3759294312659194,0.2850985046130133,0.45631368137424067
26,A1>A6>A3>A2>A5>A4>A7,A1>A6>A3>A2>A7>A5>A4,A1>A6>A3>A2>A5>A7>A4,A1>A6>A3>A2>A7>A5>A4,0.6289520967562555,0.7215459602530202,0.6317350706120602,0.7505870637368469,0.28536278560074824,0.4038517960017302,0.2925968991064195,0.493390243213271,0.2885268897106626,0.4402080849578779,0.29574734928268476,0.5056890141423551,0.27692795033444073,0.25991631031310153,0.274674875886343,0.22741732401229683,0.28370687974532127,0.3047450972135907,0.29090947622208924,0.39574820647147646,0.3860553746458188,0.529728889779168,0.3897346354159955,0.5518418477358032,0.27613435359789884,0.37592943126591966,0.2841252688591401,0.45631368137424067
27,A1>A6>A3>A2>A5>A4>A7,A1>A6>A3>A2>A7>A5>A4,A1>A6>A3>A2>A5>A7>A4,A1>A6>A3>A2>A7>A5>A4,0.628710197772065,0.7215459602530199,0.6311790475419105,0.7505870637368465,0.2847101386642513,0.4038517960017302,0.290916076151254,0.49339024321327046,0.2875072883398484,0.44020808495787767,0.293706504430821,0.5056890141423547,0.2771919071902348,0.25991631031310164,0.2752344339631886,0.22741732401229675,0.2832624547361699,0.30474509721359117,0.289444367911694,0.39574820647147607,0.3845988463411238,0.5297288897791675,0.38769043658362723,0.5518418477358027,0.2764760367987897,0.3759294312659191,0.28326620001492425,0.4563136813742401
28,A1>A6>A3>A2>A5>A4>A7,A1>A6>A3>A2>A7>A5>A4,A1>A6>A3>A2>A5>A7>A4,A1>A6>A3>A2>A7>A5>A4,0.6285635549638204,0.7215459602530206,0.6307581253009762,0.7505870637368472,0.2840852401980254,0.40385179600173016,0.28939800741457194,0.4933902432132709,0.2865596129962257,0.44020808495787794,0.29186989931336527,0.505689014142355,0.2773814207354534,0.25991631031310164,0.2756754706939495,0.2274173240122968,0.28281663996865475,0.3047450972135911,0.2881109931456255,0.3957482064714766,0.3832446457422615,0.5297288897791674,0.38583008903690375,0.5518418477358029,0.27673767423764783,0.37592943126591893,0.28250077425081216,0.4563136813742405
29,A1>A6>A3>A2>A5>A4>A7,A1>A6>A3>A2>A7>A5>A4,A1>A6>A3>A2>A5>A7>A4,A1>A6>A3>A2>A7>A5>A4,0.6285002215689335,0.7215459602530208,0.6304557957103454,0.7505870637368467,0.28348439177724505,0.4038517960017306,0.28802240412754193,0.49339024321327046,0.28567455211127346,0.4402080849578781,0.2902125687291239,0.5056890141423547,0.27750485177295003,0.25991631031310203,0.27601271953463286,0.22741732401229683,0.282370410143016,0.30474509721359133,0.28689422604803644,0.3957482064714763,0.38198063342287564,0.5297288897791671,0.38413076526707857,0.5518418477358029,0.2769273946307202,0.3759294312659191,0.2818120853641117,0.45631368137424017
30,A1>A6>A3>A2>A5>A4>A7,A1>A6>A3>A2>A7>A5>A4,A1>A6>A3>A2>A5>A7>A4,A1>A6>A3>A2>A7>A5>A4,0.6285096807423738,0.7215459602530192,0.6302573857555669,0.7505870637368462,0.28290465149419897,0.4038517960017298,0.28677152008629647,0.4933902432132705,0.2848443123768835,0.4402080849578773,0.2887125456437253,0.5056890141423545,0.27756974211056207,0.2599163103131021,0.27625922802282804,0.22741732401229695,0.2819246372340966,0.3047450972135912,0.2857804938156144,0.3957482064714764,0.38079639141882177,0.5297288897791678,0.3825725921369122,0.5518418477358027,0.27705277552436186,0.37592943126591877,0.281186228648386,0.45631368137424005
31,A1>A6>A3>A2>A5>A4>A7,A1>A6>A3>A2>A7>A5>A4,A1>A6>A3>A2>A5>A7>A4,A1>A6>A3>A2>A7>A5>A4,0.6285826627275763,0.7215459602530201,0.6301498664524707,0.750587063736847,0.2823436608908182,0.40385179600172977,0.2856298438507189,0.49339024321327063,0.2840623357234121,0.44020808495787767,0.28735053909791447,0.5056890141423549,0.27758287871246695,0.25991631031310136,0.27642652398323597,0.22741732401229664,0.28148009399810076,0.304745097213591,0.28475768056259987,0.39574820647147646,0.3796829539754093,0.5297288897791675,0.38113829091373025,0.5518418477358029,0.2771208073787626,0.3759294312659188,0.28061178741968973,0.4563136813742403
32,A1>A6>A3>A2>A5>A4>A7,A1>A6>A3>A2>A7>A5>A4,A1>A6>A3>A2>A5>A7>A4,A1>A6>A3>A2>A7>A5>A4,0.6287109885647372,0.7215459602530196,0.6301216804278763,0.7505870637368466,0.2817995137162325,0.40385179600172955,0.2845838291343323,0.4933902432132706,0.28332307443420046,0.4402080849578774,0.28610963788279037,0.5056890141423548,0.27755035825196334,0.2599163103131013,0.2765247753951026,0.2274173240122966,0.281037459922163,0.30474509721359117,0.28381502050250973,0.3957482064714768,0.37863258348099205,0.5297288897791679,0.37981285135433934,0.5518418477358028,0.27713789036443054,0.37592943126591893,0.2800794054363607,0.45631368137424044
33,A1>A6>A3>A2>A5>A4>A7,A1>A6>A3>A2>A7>A5>A4,A1>A6>A3>A2>A5>A7>A4,A1>A6>A3>A2>A7>A5>A4,0.6288874358144729,0.7215459602530202,0.6301625861440743,0.7505870637368468,0.28127065588833366,0.4038517960017301,0.28362165700154285,0.49339024321327074,0.28262181151756677,0.440208084957878,0.28497503961449966,0.505689014142355,0.27747764959709975,0.2599163103131013,0.2765629398433231,0.22741732401229642,0.2805973283593797,0.304745097213591,0.2829429859796123,0.3957482064714765,0.377638583613649,0.529728889779168,0.37858324011018724,0.5518418477358028,0.27710985114688474,0.3759294312659194,0.27958143110170364,0.45631368137424055
34,A1>A6>A3>A2>A5>A4>A7,A1>A6>A3>A2>A7>A5>A4,A1>A6>A3>A2>A5>A7>A4,A1>A6>A3>A2>A7>A5>A4,0.6291056226743744,0.7215459602530199,0.63026351715936,0.7505870637368466,0.2807558088835093,0.4038517960017301,0.28273302533469813,0.49339024321327063,0.28195451649916425,0.44020808495787767,0.2839338046269672,0.5056890141423547,0.27736965285656506,0.2599163103131012,0.27654890161545254,0.22741732401229653,0.28016021407573277,0.30474509721359094,0.2821331746917783,0.3957482064714765,0.376695143184622,0.5297288897791673,0.3774381422064786,0.5518418477358027,0.2770419713604248,0.3759294312659188,0.27911162159313696,0.45631368137424033
35,A1>A6>A3>A2>A5>A4>A7,A1>A6>A3>A2>A7>A5>A4,A1>A6>A3>A2>A5>A7>A4,A1>A6>A3>A2>A7>A5>A4,0.6293599075629271,0.7215459602530204,0.6304164550951501,0.7505870637368475,0.2802539108173073,0.40385179600173066,0.2819089621816602,0.49339024321327135,0.28131772907757974,0.44020808495787833,0.28297463380077686,0.5056890141423553,0.2772307543056,0.25991631031310175,0.27648959584107885,0.2274173240122966,0.27972656074579544,0.30474509721359105,0.2813781993675835,0.3957482064714768,0.37579720534509614,0.5297288897791677,0.37636773345380664,0.551841847735803,0.27693902237404755,0.37592943126591943,0.2786648969740847,0.4563136813742409
36,A1>A6>A3>A2>A5>A4>A7,A1>A6>A3>A2>A7>A5>A4,A1>A6>A3>A2>A5>A7>A4,A1>A6>A3>A2>A7>A5>A4,0.6296453017896727,0.7215459602530212,0.630614315149633,0.7505870637368474,0.2797640709525836,0.4038517960017305,0.2811416603065123,0.49339024321327113,0.28070846480577,0.44020808495787866,0.28208766915907146,0.5056890141423553,0.27706487694228815,0.25991631031310164,0.27639111987510884,0.22741732401229656,0.2792967481317736,0.3047450972135911,0.2806715822240878,0.3957482064714767,0.37494035778536094,0.5297288897791682,0.37536348118435003,0.5518418477358036,0.27680530286413807,0.37592943126591977,0.2782371359635927,0.4563136813742409
37,A1>A6>A3>A2>A5>A4>A7,A1>A6>A3>A2>A7>A5>A4,A1>A6>A3>A2>A5>A7>A4,A1>A6>A3>A2>A7>A5>A4,0.6299573933592338,0.7215459602530218,0.630850843106205,0.7505870637368481,0.2792855344460884,0.403851796001731,0.2804243307130906,0.493390243213272,0.2801241382657942,0.44020808495787955,0.2812643158337009,0.5056890141423562,0.27687552668575777,0.259916310313102,0.2762588325875124,0.22741732401229664,0.2788710988048018,0.30474509721359105,0.2800076557543825,0.3957482064714772,0.3741207403396385,0.5297288897791683,0.37441797052636183,0.5518418477358039,0.27664467697138695,0.37592943126592043,0.2778250064044644,0.4563136813742418
38,A1>A6>A3>A2>A5>A4>A7,A1>A6>A3>A2>A7>A5>A4,A1>A6>A3>A2>A5>A7>A4,A1>A6>A3>A2>A7>A5>A4,0.6302922802970153,0.7215459602530201,0.6311205228609656,0.7505870637368474,0.27881765493412575,0.40385179600173,0.2797510732025911,0.4933902432132708,0.27956250020029005,0.4402080849578777,0.28049708385183775,0.5056890141423551,0.27666583438027204,0.2599163103131021,0.2760974424620753,0.22741732401229703,0.27844988434471163,0.3047450972135907,0.27938147077258413,0.3957482064714762,0.3733349670497101,0.5297288897791684,0.3735247534392065,0.5518418477358032,0.27646061165515884,0.37592943126591966,0.27742582461980125,0.4563136813742407
39,A1>A6>A3>A2>A5>A4>A7,A1>A6>A3>A2>A7>A5>A4,A1>A6>A3>A2>A5>A7>A4,A1>A6>A3>A2>A7>A5>A4,0.630646512156472,0.7215459602530218,0.63141849355411,0.7505870637368477,0.2783598731424251,0.4038517960017302,0.27911676223006304,0.4933902432132713,0.27902158582832526,0.44020808495787744,0.27977944811287486,0.5056890141423552,0.2764385938520745,0.25991631031310075,0.2759110855072798,0.2274173240122961,0.27803333100137667,0.3047450972135905,0.2787887121640085,0.39574820647147674,0.3725800602629984,0.5297288897791674,0.37267821785490374,0.5518418477358034,0.27625621241135234,0.37592943126591905,0.2770374388119682,0.45631368137424105
40,A1>A6>A3>A2>A5>A4>A7,A1>A6>A3>A2>A7>A5>A4,A1>A6>A3>A2>A5>A7>A4,A1>A6>A3>A2>A7>A5>A4,0.6310170385869355,0.7215459602530201,0.6317404754442066,0.750587063736847,0.27791170014108685,0.4038517960017306,0.27851694648045017,0.49339024321327113,0.2784996721627756,0.4402080849578785,0.27910572490744734,0.5056890141423553,0.2761962963051457,0.2599163103131016,0.27570339399731975,0.2274173240122965,0.27762162482843583,0.30474509721359105,0.27822562243030274,0.39574820647147646,0.371853394767876,0.5297288897791682,0.3718734744613616,0.5518418477358031,0.2760342568845914,0.3759294312659192,0.27665813246515997,0.45631368137424055
41,A1>A6>A3>A2>A5>A4>A7,A1>A6>A3>A2>A7>A5>A4,A1>A6>A3>A2>A5>A7>A4,A1>A6>A3>A2>A7>A5>A4,0.6314011640186723,0.7215459602530209,0.632082703716717,0.7505870637368469,0.27747270419215103,0.40385179600173055,0.2779477607158132,0.4933902432132713,0.2779952426032448,0.44020808495787833,0.278470963361745,0.5056890141423552,0.27594116135428404,0.25991631031310153,0.27547755702558846,0.22741732401229633,0.27721491631564776,0.30474509721359105,0.2776889328624868,0.39574820647147685,0.3711526503184509,0.5297288897791674,0.3711062588836419,0.5518418477358036,0.27579722614477886,0.3759294312659199,0.2762865443871687,0.4563136813742411
42,A1>A6>A3>A2>A5>A4>A7,A1>A6>A3>A2>A7>A5>A4,A1>A6>A3>A2>A5>A7>A4,A1>A6>A3>A2>A7>A5>A4,0.6317965076669778,0.7215459602530212,0.6324418694704853,0.7505870637368475,0.2770425003836284,0.40385179600173066,0.2774058485636301,0.4933902432132713,0.2775069574342153,0.44020808495787833,0.2778708502577618,0.5056890141423553,0.275675164989976,0.2599163103131017,0.27523637378943944,0.2274173240122964,0.2768133245539708,0.30474509721359117,0.27717580199927055,0.3957482064714768,0.3704757711872114,0.5297288897791672,0.37037284725059066,0.551841847735803,0.27554733355317784,0.3759294312659193,0.27592160258865084,0.4563136813742408
43,A1>A6>A3>A2>A5>A4>A7,A1>A6>A3>A2>A7>A5>A4,A1>A6>A3>A2>A5>A7>A4,A1>A6>A3>A2>A7>A5>A4,0.6322009681762697,0.7215459602530209,0.6328150671786698,0.7505870637368477,0.2766207424305215,0.40385179600173116,0.27688829502751805,0.49339024321327185,0.2770336291362955,0.44020808495787894,0.27730162677213727,0.5056890141423559,0.2754000647564219,0.25991631031310186,0.27498230044815847,0.2274173240122963,0.276416940970712,0.30474509721359094,0.27668376091594116,0.3957482064714769,0.36982093161854435,0.5297288897791695,0.3696699833611043,0.551841847735804,0.2752865512421134,0.3759294312659208,0.2755624696672099,0.45631368137424166
44,A1>A6>A3>A2>A5>A4>A7,A1>A6>A3>A2>A7>A5>A4,A1>A6>A3>A2>A5>A7>A4,A1>A6>A3>A2>A7>A5>A4,0.632612692323773,0.7215459602530193,0.633199747973408,0.7505870637368456,0.27620711616531635,0.4038517960017301,0.27639256760853126,0.4933902432132699,0.2765742016367114,0.4402080849578777,0.2767600157829963,0.5056890141423541,0.27511742240602804,0.2599163103131019,0.2747174913148136,0.22741732401229703,0.27602583267244524,0.3047450972135913,0.27621066482528384,0.39574820647147596,0.36918650624858845,0.5297288897791678,0.3689948158787343,0.5518418477358031,0.2750166342934769,0.3759294312659194,0.27520849775416295,0.4563136813742399
45,A1>A6>A3>A2>A5>A4>A7,A1>A6>A3>A2>A7>A5>A4,A1>A6>A3>A2>A5>A7>A4,A1>A6>A3>A2>A7>A5>A4,0.6330300472843339,0.7215459602530198,0.6335936781556576,0.7505870637368465,0.27580133434893084,0.4038517960017294,0.27591646502790484,0.4933902432132702,0.2761277327972546,0.4402080849578769,0.276243158508205,0.5056890141423543,0.2748286242735838,0.2599163103131015,0.2744438350625129,0.22741732401229656,0.27564004543220455,0.30474509721359055,0.2757546504439741,0.3957482064714763,0.36857104471507185,0.5297288897791672,0.3683448441808821,0.5518418477358028,0.27473914273717037,0.37592943126591855,0.27485919140702714,0.45631368137424005
46,A1>A6>A3>A2>A5>A4>A7,A1>A6>A3>A2>A7>A5>A4,A1>A6>A3>A2>A5>A7>A4,A1>A6>A3>A2>A7>A5>A4,0.6334515960264947,0.7215459602530196,0.6339949023825282,0.7505870637368462,0.27540313251623677,0.40385179600173005,0.275458072640245,0.4933902432132704,0.2756933795739641,0.44020808495787817,0.27574855935395076,0.5056890141423547,0.274534899592801,0.2599163103131012,0.2741629865496314,0.2274173240122967,0.27525960635537133,0.3047450972135911,0.2753140985754879,0.395748206471476,0.3679732498108417,0.5297288897791673,0.3677178716673989,0.551841847735803,0.27445546150978606,0.37592943126591877,0.27451417710134673,0.45631368137423994
47,A1>A6>A3>A2>A5>A4>A7,A1>A6>A3>A2>A7>A5>A4,A1>A6>A3>A2>A5>A7>A4,A1>A6>A3>A2>A7>A5>A4,0.6338760754676622,0.7215459602530215,0.6344017110333521,0.7505870637368474,0.2750122656341816,0.40385179600173093,0.2750157237190971,0.493390243213271,0.27527038539079673,0.44020808495787866,0.2752740379655204,0.5056890141423552,0.27423733695786656,0.259916310313102,0.27387639479840037,0.22741732401229686,0.2748845262561663,0.3047450972135913,0.2748876013759691,0.39574820647147607,0.36739195864196555,0.5297288897791673,0.3671119654927153,0.5518418477358031,0.2741668185219069,0.37592943126591954,0.27417317820069265,0.4563136813742406
48,A1>A6>A3>A2>A5>A4>A7,A1>A6>A3>A2>A7>A5>A4,A1>A6>A3>A2>A5>A7>A4,A1>A6>A3>A2>A7>A5>A4,0.6343023770649492,0.721545960253021,0.6348126113022163,0.7505870637368478,0.2746285053998102,0.4038517960017307,0.27458796588391454,0.49339024321327196,0.27485806935554685,0.4402080849578789,0.2748176875798341,0.5056890141423559,0.2739368991137707,0.2599163103131012,0.27358532759759674,0.22741732401229584,0.274514801774027,0.3047450972135909,0.2744739337965728,0.3957482064714771,0.36682612633968,0.529728889779168,0.3665254218262857,0.5518418477358035,0.27387430098335586,0.3759294312659195,0.2738359944711258,0.45631368137424116
49,A1>A6>A3>A2>A5>A4>A7,A1>A6>A3>A2>A7>A5>A4,A1>A6>A3>A2>A5>A7>A4,A1>A6>A3>A2>A7>A5>A4,0.6347295295597435,0.7215459602530202,0.6352263016084224,0.7505870637368469,0.2742516380435319,0.4038517960017309,0.2741735320182478,0.4933902432132708,0.27445581701496036,0.4402080849578789,0.27437783887997896,0.5056890141423552,0.27363443624156264,0.259916310313102,0.2732908931429476,0.22741732401229645,0.2741504172565198,0.30474509721359183,0.27407202872998737,0.39574820647147674,0.3662748119485093,0.5297288897791679,0.3659567358693951,0.5518418477358032,0.27357887013204535,0.3759294312659196,0.2735024853624843,0.4563136813742407
50,A1>A6>A3>A2>A5>A4>A7,A1>A6>A3>A2>A7>A5>A4,A1>A6>A3>A2>A5>A7>A4,A1>A6>A3>A2>A7>A5>A4,0.6351566836294409,0.7215459602530225,0.6356416489570581,0.7505870637368486,0.273881462532464,0.4038517960017306,0.273771315103212,0.4933902432132712,0.2740630724010765,0.4402080849578784,0.2739530286447425,0.5056890141423553,0.27333069788857817,0.2599163103131023,0.27299405907810426,0.22741732401229703,0.2737913464329443,0.3047450972135912,0.2736809554267791,0.3957482064714767,0.3657371661733344,0.5297288897791673,0.36540457596373593,0.5518418477358031,0.27328137450565865,0.37592943126592054,0.27317255640883376,0.4563136813742412
