q,raw_qscore_rank,controlled_qscore_rank,raw_CI_rank,controlled_CI_rank,raw_qscore_A1,raw_qscore_A2,raw_qscore_A3,raw_qscore_A4,raw_qscore_A5,ctrl_qscore_A1,ctrl_qscore_A2,ctrl_qscore_A3,ctrl_qscore_A4,ctrl_qscore_A5,raw_CI_A1,raw_CI_A2,raw_CI_A3,raw_CI_A4,raw_CI_A5,ctrl_CI_A1,ctrl_CI_A2,ctrl_CI_A3,ctrl_CI_A4,ctrl_CI_A5
2,A1>A3>A4>A2>A5,A1>A3>A4>A2>A5,A1>A3>A4>A2>A5,A1>A3>A4>A2>A5,0.4075018153549587,0.15556863451730416,0.2196313025681029,0.21686758406304305,0.07301879319085247,0.3438207652356829,0.1286703558281876,0.19907191069679153,0.19183804294531592,0.07843251905589865,0.707595941165502,0.5727364059734531,0.602056337839082,0.5949120699249972,0.5324218155306227,0.7115466650651174,0.5778819804114604,0.6174621448269675,0.6092276365931265,0.5448171589330127
3,A1>A3>A4>A2>A5,A1>A3>A4>A2>A5,A1>A3>A4>A2>A5,A1>A3>A4>A2>A5,0.343820765235683,0.12867035582818753,0.1990719106967914,0.19183804294531598,0.0784325190558986,0.343820765235683,0.12867035582818753,0.1990719106967914,0.19183804294531598,0.0784325190558986,0.7156486767978744,0.5737839776499306,0.6088994124202409,0.5971868857919267,0.5397333320944389,0.7156486767978744,0.5737839776499306,0.6088994124202409,0.5971868857919267,0.5397333320944389
4,A1>A3>A4>A2>A5,A1>A3>A4>A2>A5,A1>A3>A4>A2>A5,A1>A3>A4>A2>A5,0.2760818275421836,0.09705962089338141,0.16448156314440088,0.15340011880503004,0.0724468928231294,0.3438207652356829,0.12867035582818753,0.19907191069679164,0.19183804294531603,0.07843251905589876,0.7217605302442351,0.5754189284013762,0.6145597128432857,0.5992518243250224,0.545787461709452,0.688108628375922,0.5611789914014863,0.5895400218442035,0.5784088812689057,0.5319372509916449
5,A1>A3>A4>A2>A5,A1>A3>A4>A2>A5,A1>A3>A4>A2>A5,A1>A3>A4>A2>A5,0.21882577494854735,0.07009222027176261,0.1305181387363622,0.11652828261770112,0.06111541307458379,0.34382076523568283,0.12867035582818762,0.19907191069679148,0.19183804294531592,0.07843251905589863,0.726368898561815,0.577348913663244,0.6193846193245817,0.6009984448188638,0.5504912439883978,0.6590071435955704,0.5501738758068737,0.573227377099883,0.5635746274475186,0.5258221468876856
6,A1>A3>A4>A2>A5,A1>A3>A4>A2>A5,A1>A3>A4>A2>A5,A1>A3>A4>A2>A5,0.17310657862134737,0.049492714156882986,0.1018153234155838,0.08593333467953304,0.04869980309299166,0.3438207652356829,0.12867035582818753,0.19907191069679148,0.19183804294531587,0.07843251905589876,0.7299089584627444,0.5794086126329764,0.6236002744353549,0.6024360806013386,0.554133094532221,0.6350661370233284,0.5418269904956933,0.5610011163868385,0.5527409027070697,0.521379329767571
7,A1>A3>A4>A5>A2,A1>A3>A4>A2>A5,A1>A3>A4>A2>A5,A1>A3>A4>A2>A5,0.13711659251053543,0.03454493731182787,0.07898676298136345,0.06222342644791547,0.03738429261529502,0.343820765235683,0.12867035582818753,0.19907191069679148,0.19183804294531587,0.0784325190558986,0.7326945882817174,0.5814935949538398,0.6273282172897563,0.6036114925374952,0.5569988056026919,0.6162740090334452,0.5355744011932118,0.5518833158802565,0.5447641800908127,0.5181210094272196
8,A1>A3>A4>A5>A2,A1>A3>A4>A2>A5,A1>A3>A4>A2>A5,A1>A3>A4>A2>A5,0.10882191241770887,0.02397960566041072,0.061290587637370275,0.04453301473197484,0.027979359367675198,0.34382076523568256,0.1286703558281873,0.19907191069679167,0.19183804294531592,0.07843251905589857,0.7349365152648749,0.5835348898116762,0.6306404192608873,0.6045756005091766,0.5592995975582273,0.6015229853805186,0.5308130035114678,0.5449513080079759,0.5387420750442189,0.5156683532690424
9,A1>A3>A4>A5>A2,A1>A3>A4>A2>A5,A1>A3>A4>A2>A5,A1>A3>A4>A2>A5,0.08652303002714774,0.016611860630149182,0.047697451078854425,0.031631535246836484,0.020572438075116335,0.3438207652356832,0.1286703558281873,0.19907191069679137,0.19183804294531603,0.07843251905589871,0.7367759545748369,0.5854873526264063,0.6335879371243694,0.6053725543435924,0.5611817085858217,0.5897943564156466,0.5271055021394399,0.5395560425928252,0.5340742087212472,0.5137714284480845
10,A1>A3>A4>A5>A2,A1>A3>A4>A2>A5,A1>A3>A4>A2>A5,A1>A3>A4>A2>A5,0.0688954355620337,0.01150655176600877,0.03726446674082407,0.0223563182132486,0.014935833892520553,0.3438207652356829,0.12867035582818753,0.19907191069679137,0.19183804294531603,0.07843251905589865,0.7383096344668026,0.5873232902686153,0.6362126100872395,0.6060376981854468,0.562746287353829,0.5803200335942293,0.5241550163597214,0.5352621407940564,0.5303685162757793,0.512268001130582
11,A1>A3>A4>A5>A2,A1>A3>A4>A2>A5,A1>A3>A4>A2>A5,A1>A3>A4>A2>A5,0.054922219679657845,0.007977148526074203,0.02923100751333771,0.015749168125608018,0.010744187345292547,0.34382076523568283,0.12867035582818737,0.1990719106967913,0.19183804294531595,0.07843251905589879,0.739605727132053,0.5890281212720244,0.6385512912451553,0.6065984684874581,0.5640647334319777,0.5725459669157834,0.5217603921391726,0.5317762318062874,0.52736483659541,0.5110509138414626
12,A1>A3>A4>A5>A2,A1>A3>A4>A2>A5,A1>A3>A4>A2>A5,A1>A3>A4>A2>A5,0.04382121793724304,0.005537413795535053,0.02301461598040624,0.011070699407848373,0.007676718473699515,0.3438207652356826,0.12867035582818753,0.19907191069679164,0.191838042945316,0.07843251905589849,0.7407136486591835,0.5905969131347745,0.6406372102971724,0.6070759538790276,0.56518875275163,0.5660740492101387,0.5197831077721032,0.5288968250490637,0.524886200883807,0.5100475388414129
13,A1>A3>A4>A5>A2,A1>A3>A4>A2>A5,A1>A3>A4>A2>A5,A1>A3>A4>A2>A5,0.034986928333407476,0.0038491483198396714,0.018178571645451207,0.0077708976079017,0.005457498097009462,0.34382076523568306,0.12867035582818737,0.1990719106967918,0.1918380429453163,0.07843251905589896,0.7416701292417089,0.5920314829967944,0.6425003627295944,0.6074863656173024,0.5661567193286005,0.560615450769964,0.5181257221410117,0.526482360207892,0.5228090716549609,0.5092073228392123
14,A1>A3>A4>A5>A2,A1>A3>A4>A2>A5,A1>A3>A4>A2>A5,A1>A3>A4>A2>A5,0.027947376531753023,0.0026790945756172374,0.014397288932903178,0.005449501358221442,0.00386526204991019,0.34382076523568317,0.12867035582818753,0.19907191069679164,0.1918380429453162,0.0784325190558991,0.7425030626561617,0.5933380298769837,0.6441676431997125,0.6078422297046884,0.5669977297151786,0.5559576046463418,0.516718181022245,0.5244311146981167,0.5210450706818731,0.508494184393583
15,A1>A3>A4>A5>A2,A1>A3>A4>A2>A5,A1>A3>A4>A2>A5,A1>A3>A4>A2>A5,0.022332468522319907,0.0018668540494246044,0.011427461399338371,0.0038191907105467504,0.002729841387672923,0.34382076523568283,0.1286703558281875,0.1990719106967917,0.19183804294531576,0.07843251905589876,0.7432340230775645,0.5945253022927697,0.6456629676052174,0.608153299086045,0.5677342490861318,0.551941621365004,0.5155090656875412,0.5226684329168569,0.5195295410659135,0.5078817766159354
16,A1>A3>A4>A5>A2,A1>A3>A4>A2>A5,A1>A3>A4>A2>A5,A1>A3>A4>A2>A5,0.017850605081025775,0.0013021286535041228,0.00908609409929938,0.002675514508852113,0.0019238454471258307,0.3438207652356827,0.12867035582818726,0.19907191069679137,0.19183804294531626,0.07843251905589893,0.7438799281430474,0.5956032647723272,0.6470074230348394,0.6084272351617243,0.568383888674748,0.5484468975906343,0.514459908140883,0.521138455736523,0.5182142163406992,0.5073504621531807
17,A1>A3>A4>A5>A2,A1>A3>A4>A2>A5,A1>A3>A4>A2>A5,A1>A3>A4>A2>A5,0.01427117876357656,0.0009089554742855593,0.007234426238078516,0.0018738109325850975,0.0013536372716154426,0.343820765235683,0.12867035582818748,0.19907191069679137,0.19183804294531526,0.0784325190558989,0.7444543062181204,0.5965821874684466,0.6482195467335081,0.6086701126467033,0.5689606341721265,0.5453805463738376,0.5135414248445185,0.5197986504248291,0.5170624075800384,0.5068853332656902
18,A1>A3>A4>A5>A2,A1>A3>A4>A2>A5,A1>A3>A4>A2>A5,A1>A3>A4>A2>A5,0.011411300033814404,0.0006349042490139567,0.005766344359005679,0.001312100463992048,0.0009512679300155312,0.34382076523568317,0.12867035582818734,0.19907191069679148,0.19183804294531615,0.07843251905589876,0.7449682402990756,0.5974720666946846,0.6493156433703987,0.608886793336021,0.5694757168352688,0.5426700482182818,0.5127309703209976,0.5186161156946225,0.5160457700444686,0.5064748850864628
19,A1>A3>A4>A5>A2,A1>A3>A4>A2>A5,A1>A3>A4>A2>A5,A1>A3>A4>A2>A5,0.009125612996289272,0.00044370313457878707,0.004600051529262647,0.0009186665408318909,0.0006678814178392871,0.3438207652356832,0.12867035582818762,0.1990719106967913,0.1918380429453157,0.07843251905589896,0.7454312346589638,0.5982822887767307,0.6503102160511929,0.6090812038824631,0.5699382461882797,0.5402580689638163,0.5120107813102924,0.5175650350313529,0.5151420838179566,0.506110106908738
20,A1>A3>A4>A5>A2,A1>A3>A4>A2>A5,A1>A3>A4>A2>A5,A1>A3>A4>A2>A5,0.007298406483815118,0.00031020393603680655,0.0036720468473674375,0.0006431551153479727,0.00046858492320072157,0.34382076523568267,0.12867035582818737,0.19907191069679134,0.1918380429453162,0.07843251905589899,0.7458598576511244,0.5990214530448857,0.6512215656068493,0.6092565435026113,0.5703556710928841,0.53809875236661,0.5113667433565104,0.5166248880330636,0.5143336999732318,0.5057838471354099
21,A1>A3>A4>A5>A2,A1>A3>A4>A2>A5,A1>A3>A4>A2>A5,A1>A3>A4>A2>A5,0.005837456604124623,0.00021693712657547295,0.0029327336839407026,0.00045024831119499343,0.00032858134681242355,0.34382076523568306,0.12867035582818745,0.1990719106967914,0.19183804294531592,0.07843251905589896,0.7462104860665842,0.5996973421647346,0.6520277427080163,0.6094154404573487,0.5707341563145736,0.5361550298541187,0.5107875092663483,0.5157791719922686,0.5136064327441996,0.5054903612194969
22,A1>A3>A4>A5>A2,A1>A3>A4>A2>A5,A1>A3>A4>A2>A5,A1>A3>A4>A2>A5,0.004669192302700167,0.00015174748620368006,0.0023431804152051123,0.0003151915308865112,0.00023031316109359265,0.34382076523568317,0.12867035582818753,0.1990719106967917,0.19183804294531576,0.07843251905589849,0.7464288724793584,0.6003168015057978,0.652699498684528,0.6095600707184086,0.5710787420757325,0.5343966416999575,0.5102638588876163,0.5150144733124566,0.5129487564300573,0.5052249843949308
23,A1>A3>A4>A5>A2,A1>A3>A4>A2>A5,A1>A3>A4>A2>A5,A1>A3>A4>A2>A5,0.0037348824641008737,0.00010616616776044566,0.0018727015737708163,0.000220641906850646,0.00016138315894503907,0.3438207652356829,0.1286703558281872,0.19907191069679145,0.19183804294531634,0.07843251905589907,0.746220523693944,0.600886026811753,0.653049674701148,0.6096922501480008,0.5713937530052088,0.5327986626722236,0.5097882272226788,0.5143197829353483,0.5123512142627783,0.5049838910656267
24,A1>A3>A4>A5>A2,A1>A3>A4>A2>A5,A1>A3>A4>A2>A5,A1>A3>A4>A2>A5,0.0029876183182879347,7.428637599347862e-05,0.0014970352773226187,0.0001544527671947152,0.00011305597885440176,0.3438207652356827,0.12867035582818795,0.19907191069679164,0.19183804294531656,0.07843251905589893,0.8552722778581977,0.6014104791323966,0.8412090480146655,0.6098135032055311,0.5716828311089996,0.531340390205096,0.5093543518394933,0.5136859847057976,0.5118059771644873,0.5047639153872926
25,A1>A3>A4>A5>A2,A1>A3>A4>A2>A5,A1>A3>A4>A2>A5,A1>A3>A4>A2>A5,0.0023899190149189614,5.198479410102664e-05,0.0011969355337258893,0.00010811842287818006,7.918617315208288e-05,0.3438207652356828,0.12867035582818778,0.1990719106967917,0.1918380429453163,0.07843251905589885,0.8556516507872489,0.601895370608384,0.8421148960572218,0.6099251203247207,0.5719494073367373,0.5300044964191558,0.5089570060822084,0.5131054681319401,0.5113065101262307,0.5045624157307979
26,A1>A3>A4>A5>A2,A1>A3>A4>A2>A5,A1>A3>A4>A2>A5,A1>A3>A4>A2>A5,0.0019118279140068395,3.638116798904832e-05,0.0009571242824848186,7.568352917690484e-05,5.5455461351286326e-05,0.34382076523568306,0.12867035582818775,0.1990719106967912,0.19183804294531537,0.07843251905589912,0.8560025496169122,0.602343031822563,0.8429558020552077,0.6100281944910013,0.5721945281455031,0.5287763745006697,0.5085917948394386,0.512571831861511,0.5108473169538741,0.5043771710637798
27,A1>A3>A4>A5>A2,A1>A3>A4>A2>A5,A1>A3>A4>A2>A5,A1>A3>A4>A2>A5,0.0015293967557416888,2.5462548358646744e-05,0.0007654397040970294,5.297873524080652e-05,3.883225459769982e-05,0.3438207652356836,0.12867035582818753,0.1990719106967916,0.19183804294531695,0.07843251905589921,0.8563280229065847,0.6027515135610225,0.8437381987101126,0.6101236709388863,0.5724157035335588,0.5276436298874029,0.5082549965077796,0.5120796541623833,0.5104237428261422,0.5042063008557289
28,A1>A3>A4>A5>A2,A1>A3>A4>A2>A5,A1>A3>A4>A2>A5,A1>A3>A4>A2>A5,0.0012234773137826328,1.7821560820594656e-05,0.0006121927187349706,3.708522251457809e-05,2.718973541638246e-05,0.3438207652356827,0.12867035582818742,0.19907191069679203,0.19183804294531678,0.07843251905589918,0.8566307063626707,0.603114212669444,0.8444677521423796,0.6102123188210521,0.5726065957933787,0.526595680501931,0.5079434394734723,0.5116243134828873,0.5100318200183145,0.5040482025318321
29,A1>A3>A4>A5>A2,A1>A3>A4>A2>A5,A1>A3>A4>A2>A5,A1>A3>A4>A2>A5,0.0009787573335228986,1.2473940827540404e-05,0.000489656778276649,2.595969713046471e-05,1.9036774913733782e-05,0.34382076523568317,0.12867035582818784,0.1990719106967913,0.1918380429453159,0.07843251905589849,0.856912889158161,0.6035578177353148,0.8451494624594627,0.6102949927756666,0.5728728769356842,0.5256234399337083,0.5076544046722133,0.5112018468569586,0.5096681462182735,0.5039015021668964
30,A1>A3>A4>A5>A2,A1>A3>A4>A2>A5,A1>A3>A4>A2>A5,A1>A3>A4>A2>A5,0.0007829908692563842,8.731152325774256e-06,0.00039166577706872135,1.817180232324538e-05,1.3327685770625343e-05,0.3438207652356833,0.12867035582818764,0.1990719106967917,0.19183804294531664,0.07843251905589899,0.8571765680761203,0.6037236078427586,0.8457877509698731,0.6103718356517926,0.5729126743700299,0.5247190643166819,0.5073855480539078,0.5108088372032836,0.5093297877088401,0.5037650152738623
31,A1>A3>A4>A5>A2,A1>A3>A4>A2>A5,A1>A3>A4>A2>A5,A1>A3>A4>A2>A5,0.0006263835194502841,6.111488326553751e-06,0.0003132960939155643,1.2720269594343796e-05,9.330201846802656e-06,0.3438207652356831,0.1286703558281882,0.1990719106967922,0.19183804294531615,0.07843251905589918,0.8574234919974679,0.6032446021180645,0.8463865354480361,0.6104439624550376,0.5724181993356716,0.5238757485547667,0.5071348383866917,0.5104423228968977,0.509014201706597,0.5036377153642243
32,A1>A3>A4>A5>A2,A1>A3>A4>A2>A5,A1>A3>A5>A2>A4,A1>A3>A4>A2>A5,0.0005011012004422671,4.2779051238557525e-06,0.000250614504517918,8.904191828293221e-06,6.533934048054891e-06,0.3438207652356826,0.1286703558281873,0.1990719106967913,0.1918380429453158,0.07843251905589843,0.8576551986171905,0.7904905450382662,0.8469492952110288,0.6105106688316387,0.7958842483647206,0.5230875611004738,0.5069005069881475,0.5100997246635316,0.5087191735926475,0.503518708546882
33,A1>A3>A4>A5>A2,A1>A3>A4>A2>A5,A1>A3>A5>A2>A4,A1>A3>A4>A2>A5,0.0004008775236465133,2.9944475714871214e-06,0.00020047790289656409,6.232939656610571e-06,4.573746308759865e-06,0.3438207652356834,0.1286703558281878,0.19907191069679198,0.1918380429453159,0.07843251905589929,0.8578730449370907,0.7908528714741145,0.8474791272193056,0.6105731366025279,0.7960888488036049,0.5223493090914628,0.5066810068087548,0.5097787860604317,0.5084427658185251,0.5034072128587297
34,A1>A3>A4>A5>A2,A1>A3>A4>A2>A5,A1>A3>A5>A2>A4,A1>A3>A4>A2>A5,0.0003206999152742147,2.096037822427514e-06,0.00016037393132004287,4.363057893296649e-06,3.201617734748587e-06,0.34382076523568245,0.1286703558281877,0.19907191069679098,0.1918380429453158,0.07843251905589929,0.8580782327128592,0.7911942370710782,0.8479787944708663,0.6106329200490304,0.7962815533803829,0.5216564275700004,0.5064749789064812,0.5094775246973725,0.5081832760382231,0.5033025413327672
35,A1>A3>A4>A5>A2,A1>A3>A4>A2>A5,A1>A3>A5>A2>A4,A1>A3>A4>A2>A5,0.0002565586446323105,1.4672537159777893e-06,0.00012829400563329972,3.0541354198511287e-06,2.2411267173911012e-06,0.34382076523568306,0.12867035582818828,0.1990719106967923,0.19183804294531653,0.07843251905589904,0.8582718297745492,0.7915171179742196,0.848450767692343,0.6107025917565069,0.796463355520347,0.5210048879416962,0.5062812248060097,0.5091941920108312,0.5079392025855267,0.5032040880406075
36,A1>A3>A4>A5>A2,A1>A3>A4>A2>A5,A1>A3>A5>A2>A4,A1>A3>A4>A2>A5,0.00020524612715015766,1.0269916617937588e-06,0.00010263205737423788,2.137886884899076e-06,1.5687674711972451e-06,0.3438207652356826,0.12867035582818792,0.1990719106967913,0.19183804294531692,0.07843251905589846,0.8584547879227373,0.7918212590051574,0.8488972615612068,0.610707531286665,0.796635040320792,0.5203911219061369,0.5060986835759048,0.5089272398971696,0.5077092158403461,0.5031113165188008
37,A1>A3>A4>A5>A2,A1>A3>A4>A2>A5,A1>A3>A5>A2>A4,A1>A3>A4>A2>A5,0.0001641964192163115,7.188941632556298e-07,8.210371806174675e-05,1.496509268668308e-06,1.098145823353095e-06,0.34382076523568295,0.1286703558281872,0.19907191069679175,0.19183804294531626,0.07843251905589899,0.8586279582295504,0.7921101885787762,0.8493202654250294,0.6107979432488374,0.7967977803436904,0.5198119579079067,0.5059264127132338,0.5086752928824093,0.507492134347728,0.503023750118364
38,A1>A3>A4>A5>A2,A1>A3>A4>A2>A5,A1>A3>A5>A2>A4,A1>A3>A4>A2>A5,0.00013135683952090243,5.03231429778585e-07,6.56817941196233e-05,1.0475417929078058e-06,7.68674634488161e-07,0.34382076523568317,0.1286703558281871,0.1990719106967907,0.19183804294531592,0.07843251905589874,0.8587921037155044,0.7923843091180627,0.8497215708141209,0.6107521448297667,0.7969515693932353,0.5192645677797799,0.505763572119969,0.5084371247888819,0.5072869047964255,0.5029409639156344
39,A1>A3>A4>A5>A2,A1>A3>A4>A2>A5,A1>A3>A5>A2>A4,A1>A3>A4>A2>A5,0.00010508529087135772,3.523108487587233e-07,5.254471137509385e-05,7.332672072366858e-07,5.380949403425411e-07,0.3438207652356827,0.12867035582818756,0.19907191069679137,0.19183804294531687,0.07843251905589951,0.8589479106318387,0.7926459567602587,0.8501027939840994,0.6105811202112132,0.7970983753398686,0.5187464217295822,0.5056094106047684,0.5082116390757148,0.5070925851502258,0.5028625778981798
40,A1>A3>A4>A5>A2,A1>A3>A4>A2>A5,A1>A3>A5>A2>A4,A1>A3>A4>A2>A5,8.40681222666565e-05,2.4665810700128736e-07,4.203532660134458e-05,5.132795143056486e-07,3.766782480408115e-07,0.3438207652356826,0.1286703558281878,0.19907191069679223,0.19183804294531626,0.07843251905589924,0.8590959975354578,0.7928950131313747,0.8504653975840969,0.6111842445601127,0.7972377998791831,0.5182552501940039,0.5054632544589674,0.5079978521974117,0.5069083303690387,0.5027882511978058
41,A1>A3>A4>A5>A2,A1>A3>A4>A2>A5,A1>A3>A4>A5>A2,A1>A3>A4>A2>A5,6.725442953707747e-05,1.7249341164216695e-07,3.362799062643477e-05,3.593312368329606e-07,2.6362845320931284e-07,0.34382076523568245,0.12867035582818764,0.1990719106967917,0.19183804294531553,0.07843251905589904,0.8592369233506821,0.7931208658161754,0.8508107065688372,0.8005108555853019,0.7973683991239255,0.5177890113727293,0.5053244977451957,0.5077948794548792,0.5067333802685292,0.5027176771880313
42,A1>A3>A4>A5>A2,A1>A3>A4>A2>A5,A1>A3>A4>A5>A2,A1>A3>A4>A2>A5,5.380350202997656e-05,1.210576058124896e-07,2.690222561056977e-05,2.515605541487649e-07,1.84618110855875e-07,0.3438207652356822,0.12867035582818867,0.19907191069679164,0.19183804294531667,0.07843251905589899,0.859371194817498,0.793370617499681,0.8511399238850414,0.8005643125694936,0.7974987419290144,0.5173458634840066,0.5051925940071403,0.5076019229150823,0.5065670491545455,0.5026505792988413
43,A1>A3>A4>A5>A2,A1>A3>A4>A2>A5,A1>A3>A4>A5>A2,A1>A3>A4>A2>A5,4.304277727494294e-05,8.494968899333009e-08,2.152168010182438e-05,1.763129169672609e-07,1.2947728631632564e-07,0.3438207652356819,0.12867035582818762,0.1990719106967908,0.19183804294531615,0.07843251905589885,0.8594992721625385,0.7936078738442384,0.8514541465484118,0.8006263634889026,0.7976372091746958,0.516924140962709,0.5050670491641899,0.50741826105572,0.5064087169374838,0.5025867074294367
44,A1>A3>A4>A5>A2,A1>A3>A4>A2>A5,A1>A3>A4>A5>A2,A1>A3>A4>A2>A5,3.4434205763509044e-05,5.960464477539047e-08,1.721728101713893e-05,1.2332905350064392e-07,9.064022496787025e-08,0.34382076523568295,0.12867035582818787,0.19907191069679192,0.19183804294531637,0.0784325190558986,0.8596215732491138,0.7938334372610576,0.8517543711771416,0.8006667613323328,0.7977522781097026,0.5165223339648803,0.5049474153984412,0.5072432398548864,0.5062578214863007,0.5025258348618017
45,A1>A3>A4>A5>A2,A1>A3>A4>A2>A5,A1>A3>A4>A5>A2,A1>A3>A4>A2>A5,2.7547354777036683e-05,4.080851059445495e-08,1.3773788219523966e-05,8.624670582108362e-08,6.3220272766341e-08,0.343820765235684,0.1286703558281883,0.19907191069679137,0.19183804294531576,0.07843251905589907,0.8597384803993845,0.7938265153066405,0.8520415134256175,0.8007031381690868,0.7978285197921512,0.5161390706569658,0.504833285876408,0.5070762650963446,0.5061138520253843,0.5024677555955157
46,A1>A3>A4>A5>A2,A1>A3>A4>A2>A5,A1>A3>A4>A5>A2,A1>A3>A4>A2>A5,2.2037877877032403e-05,2.9802322387695223e-08,1.1019003170210351e-05,6.052880290624456e-08,4.470348358154283e-08,0.34382076523568333,0.1286703558281882,0.19907191069679164,0.1918380429453172,0.07843251905589976,0.8598503425818799,0.794393557283978,0.8523164017673045,0.8007702649189682,0.7980249327341441,0.5157731018596392,0.5047242901757023,0.5069167957016406,0.5059763434123311,0.5024122820383429
47,A1>A3>A4>A5>A2,A1>A3>A4>A2>A5,A1>A3>A4>A5>A2,A1>A3>A4>A2>A5,1.763029990867335e-05,2.1073424255446997e-08,8.815192460632048e-06,4.3443977049330806e-08,3.161013638317045e-08,0.34382076523568394,0.12867035582818773,0.1990719106967914,0.19183804294531664,0.07843251905590001,0.8599574800192111,0.7946561308169028,0.8525798166081505,0.8010346303913322,0.7982131164889967,0.5154232876901683,0.504620090309458,0.5067643379329964,0.5058448711627553,0.5023592429984863
48,A1>A3>A4>A5>A2,A1>A3>A4>A2>A5,A1>A3>A4>A5>A2,A1>A3>A4>A2>A5,1.4104238352627577e-05,1.4901161193847666e-08,7.052146726706097e-06,2.980232238769543e-08,2.1073424255447067e-08,0.34382076523568167,0.12867035582818787,0.19907191069679148,0.19183804294531587,0.07843251905589818,0.8600601847850476,0.7949079972614499,0.8528324497081174,0.8008931337726256,0.7978846138366581,0.5150885859072977,0.5045203772594689,0.5066184403373969,0.505719047110967,0.5023084819335881
49,A1>A3>A4>A5>A2,A1>A3>A4>A2>A5,A1>A3>A4>A5>A2,A1>A3>A4>A2>A5,1.1283387139901327e-05,1.0536712127723522e-08,5.641708329103552e-06,2.107342425544703e-08,1.4901161193847651e-08,0.3438207652356815,0.12867035582818698,0.1990719106967923,0.1918380429453158,0.07843251905589937,0.8601587240703104,0.7951497983394991,0.8530749427276203,0.8010166129183101,0.7980678887603128,0.5147680417115481,0.5044248679438286,0.5064786893238278,0.5055985156138411,0.5022598554190271
50,A1>A3>A4>A5>A2,A1>A3>A4>A2>A5,A1>A3>A4>A5>A2,A1>A3>A4>A2>A5,9.026709711921056e-06,0.0,4.513367155253916e-06,1.4901161193847626e-08,1.0536712127723467e-08,0.343820765235682,0.12867035582818775,0.19907191069679053,0.1918380429453148,0.07843251905589901,0.8602533513505607,0.5,0.8533079164687369,0.8011352034385029,0.7982439452643176,0.5144607787938662,0.5043333025569542,0.5063447052832173,0.5054829502202958,0.5022132318041754
