q,raw_rank,controlled_rank,raw_score_X1,ctrl_score_X1,raw_score_X2,ctrl_score_X2,raw_score_X3,ctrl_score_X3,raw_score_X4,ctrl_score_X4,raw_score_X5,ctrl_score_X5
2,X1>X4>X3>X2>X5,X1>X4>X3>X2>X5,0.374630020422044716805242068346,0.301451765065103161279956623854,0.144330365034444679989630020062,0.118355541698644544220778092141,0.183866557222999435000102191974,0.161026828039553207579055834315,0.206392596325497525307937827041,0.179076284544897720882270196345,0.0356328977468607093999351115053,0.0403795881524417597601517252128
3,X1>X4>X3>X2>X5,X1>X4>X3>X2>X5,0.301451765065103161279956623854,0.301451765065103161279956623854,0.118355541698644544220778092141,0.118355541698644544220778092141,0.161026828039553207579055834315,0.161026828039553207579055834315,0.179076284544897720882270196345,0.179076284544897720882270196345,0.0403795881524417597601517252128,0.0403795881524417597601517252128
4,X1>X4>X3>X2>X5,X1>X4>X3>X2>X5,0.230859283024467169317225732821,0.301451765065103161279956623854,0.0872243726006453030789085015772,0.118355541698644544220778092141,0.127927449974781478490108569007,0.161026828039553207579055834315,0.140186262315371629430270969082,0.179076284544897720882270196345,0.0386508149792322258375709341428,0.0403795881524417597601517252128
5,X1>X4>X3>X2>X5,X1>X4>X3>X2>X5,0.175486967189494937606972701307,0.301451765065103161279956623854,0.0609498998906581299955300925387,0.118355541698644544220778092141,0.0971606902330967513793715289577,0.161026828039553207579055834315,0.104372861208009099574221561364,0.179076284544897720882270196345,0.0335606374495599594569737434087,0.0403795881524417597601517252128
6,X1>X4>X3>X2>X5,X1>X4>X3>X2>X5,0.134030716073423576646462976672,0.301451765065103161279956623854,0.0413606004609157403658520875274,0.118355541698644544220778092141,0.0722180174583438934406527323412,0.161026828039553207579055834315,0.0756188080730841162045262000981,0.179076284544897720882270196345,0.0273745532536202553228549436505,0.0403795881524417597601517252128
7,X1>X4>X3>X2>X5,X1>X4>X3>X2>X5,0.103122039491403688108663234966,0.301451765065103161279956623854,0.0276071544112170365317038013542,0.118355541698644544220778092141,0.0531855059561309952759415300043,0.161026828039553207579055834315,0.0539378915004373618127696768598,0.179076284544897720882270196345,0.02140083024267826759629389744,0.0403795881524417597601517252128
8,X1>X3>X4>X2>X5,X1>X4>X3>X2>X5,0.0798904399079970207849481292509,0.301451765065103161279956623854,0.0182626248995667350273085453499,0.118355541698644544220778092141,0.0390834255079164671121236454653,0.161026828039553207579055834315,0.0381231332496021246637665018555,0.179076284544897720882270196345,0.0162394892221230332338387002786,0.0403795881524417597601517252128
9,X1>X3>X4>X5>X2,X1>X4>X3>X2>X5,0.0622479389609532563228218959224,0.301451765065103161279956623854,0.01203073192521910971991755958,0.118355541698644544220778092141,0.0287756873038625098525182211433,0.161026828039553207579055834315,0.0268009625973887281570798243389,0.179076284544897720882270196345,0.012062265478514440988696489364,0.0403795881524417597601517252128
10,X1>X3>X4>X5>X2,X1>X4>X3>X2>X5,0.0487238354334752662333590956731,0.301451765065103161279956623854,0.00791729242936438052207190109049,0.118355541698644544220778092141,0.0212768818447734297097917756155,0.161026828039553207579055834315,0.0187827501911780732736246953436,0.179076284544897720882270196345,0.00882116902147244926051058155615,0.0403795881524417597601517252128
11,X1>X3>X4>X5>X2,X1>X4>X3>X2>X5,0.0382767680410227426473626435206,0.301451765065103161279956623854,0.00521592125931110105674292761432,0.118355541698644544220778092141,0.0158188869871322993572278937827,0.161026828039553207579055834315,0.0131404038824549208090517683124,0.179076284544897720882270196345,0.00637755188856698656885375234662,0.0403795881524417597601517252128
12,X1>X3>X4>X5>X2,X1>X4>X3>X2>X5,0.0301572106947080676297044220794,0.301451765065103161279956623854,0.00344477728811892535468979653039,0.118355541698644544220778092141,0.0118321457558898488226222238279,0.161026828039553207579055834315,0.0091845775882246070011916940588,0.179076284544897720882270196345,0.00457197702346284440329475747109,0.0403795881524417597601517252128
13,X1>X3>X4>X5>X2,X1>X4>X3>X2>X5,0.0238160405464435736045785575163,0.301451765065103161279956623854,0.00228273588562025285088249877563,0.118355541698644544220778092141,0.0089046217155587075623529583515,0.161026828039553207579055834315,0.00641692784950922408671720130915,0.179076284544897720882270196345,0.0032570225783311861969433130597,0.0403795881524417597601517252128
14,X1>X3>X4>X5>X2,X1>X4>X3>X2>X5,0.0188446029180003077448183979754,0.301451765065103161279956623854,0.0015186072558142983155325608342,0.118355541698644544220778092141,0.0067415747191207780767563681872,0.161026828039553207579055834315,0.00448270527262541036531968064246,0.179076284544897720882270196345,0.00230941313331353180003533800677,0.0403795881524417597601517252128
15,X1>X3>X4>X5>X2,X1>X4>X3>X2>X5,0.0149348487196360025093022483399,0.301451765065103161279956623854,0.00101448528251255404967836513295,0.118355541698644544220778092141,0.00513291438806957218824715015446,0.161026828039553207579055834315,0.00313163200198882239064012610846,0.179076284544897720882270196345,0.00163179357973403758545068950293,0.0403795881524417597601517252128
16,X1>X3>X4>X5>X2,X1>X4>X3>X2>X5,0.0118521771517037652517965841858,0.301451765065103161279956623854,0.000680592279993682734606602157032,0.118355541698644544220778092141,0.00392872136148548869385847489864,0.161026828039553207579055834315,0.0021880503044382767737365711464,0.179076284544897720882270196345,0.0011500030439033165261068011308,0.0403795881524417597601517252128
17,X1>X3>X4>X5>X2,X1>X4>X3>X2>X5,0.0094164651702167779193578113735,0.301451765065103161279956623854,0.00045849942703844983393178226425,0.118355541698644544220778092141,0.00302159160844820955585267137389,0.161026828039553207579055834315,0.00152903663745523688532005699486,0.179076284544897720882270196345,0.00080889710917603484752494076851,0.0403795881524417597601517252128
18,X1>X3>X4>X5>X2,X1>X4>X3>X2>X5,0.00748851464979403496690237083256,0.301451765065103161279956623854,0.000310118758849973472374018621066,0.118355541698644544220778092141,0.0023341463473236974802148955451,0.161026828039553207579055834315,0.00106870604136040885294882692453,0.179076284544897720882270196345,0.000568153909119517723376763917086,0.0403795881524417597601517252128
19,X1>X3>X4>X5>X2,X1>X4>X3>X2>X5,0.00596018579289591902888248478257,0.301451765065103161279956623854,0.000210549147221103302974584085717,0.118355541698644544220778092141,0.00181027238513771398842697896948,0.161026828039553207579055834315,0.000747097421419101112671822296251,0.179076284544897720882270196345,0.00039863984545883813011733680386,0.0403795881524417597601517252128
20,X1>X3>X4>X5>X2,X1>X4>X3>X2>X5,0.00474710305963565440717299978816,0.301451765065103161279956623854,0.000143448771919852782566779993462,0.118355541698644544220778092141,0.00140899272601779578176692387617,0.161026828039553207579055834315,0.000522359991552136563225074114317,0.179076284544897720882270196345,0.000279486013644312900823206895154,0.0403795881524417597601517252128
21,X1>X3>X4>X5>X2,X1>X4>X3>X2>X5,0.00378319564456164157301023449178,0.301451765065103161279956623854,0.0000980463001220398880518329090479,0.118355541698644544220778092141,0.00110017059153614602498181205888,0.161026828039553207579055834315,0.000365283127571585389224219312693,0.179076284544897720882270196345,0.000195837542188907178688527303487,0.0403795881524417597601517252128
22,X1>X3>X4>X5>X2,X1>X4>X3>X2>X5,0.00301656983889304712411896482875,0.301451765065103161279956623854,0.0000672090124775596382630458386947,0.118355541698644544220778092141,0.000861486082393458467173123511538,0.161026828039553207579055834315,0.000255475414818641535335990444192,0.179076284544897720882270196345,0.000137169279754902992061371062163,0.0403795881524417597601517252128
23,X1>X3>X4>X5>X2,X1>X4>X3>X2>X5,0.0024063625851228426048232012894,0.301451765065103161279956623854,0.0000461911725441235010292650239703,0.118355541698644544220778092141,0.000676296503785738666270967499989,0.161026828039553207579055834315,0.000178698638852940764775181201236,0.179076284544897720882270196345,0.0000960492018802880608118164874449,0.0403795881524417597601517252128
24,X1>X3>X4>X5>X2,X1>X4>X3>X2>X5,0.00192032657178180554092455763285,0.301451765065103161279956623854,0.0000318203057527606440443604713125,0.118355541698644544220778092141,0.000532112191692429013762341119644,0.161026828039553207579055834315,0.000125008424609871267585282715672,0.179076284544897720882270196345,0.0000672425770657371645908875688239,0.0403795881524417597601517252128
25,X1>X3>X4>X5>X2,X1>X4>X3>X2>X5,0.00153296615169361652417004542363,0.301451765065103161279956623854,0.000021965941904319417470493458297,0.118355541698644544220778092141,0.000419503166637868339034154811852,0.161026828039553207579055834315,0.0000874575097796579241424429519405,0.179076284544897720882270196345,0.0000470691473246389123371147134802,0.0403795881524417597601517252128
26,X1>X3>X4>X5>X2,X1>X4>X3>X2>X5,0.00122409144703343738391383004373,0.301451765065103161279956623854,0.0000151911393366625437883754869082,0.118355541698644544220778092141,0.000331309168740891665617111747943,0.161026828039553207579055834315,0.0000611912415810445593337596250047,0.179076284544897720882270196345,0.000032945030228008822989643550118,0.0403795881524417597601517252128
27,X1>X3>X4>X5>X2,X1>X4>X3>X2>X5,0.000977692165174372801536893465803,0.301451765065103161279956623854,0.0000105227686898624997907988863451,0.118355541698644544220778092141,0.000262064756518218549685019473557,0.161026828039553207579055834315,0.000042816479780741983287821036539,0.179076284544897720882270196345,0.0000230578960954001942769385836653,0.0403795881524417597601517252128
28,X1>X3>X4>X5>X2,X1>X4>X3>X2>X5,0.000781057299156826252824700263833,0.301451765065103161279956623854,0.00000729931769027762287318618732278,0.118355541698644544220778092141,0.000207577934387184866624872938678,0.161026828039553207579055834315,0.0000299611173906427943020616764972,0.179076284544897720882270196345,0.00001613749191446685064324577552,0.0403795881524417597601517252128
29,X1>X3>X4>X5>X2,X1>X4>X3>X2>X5,0.000624084906716182440372682747558,0.301451765065103161279956623854,0.00000506955108079040716554735357245,0.118355541698644544220778092141,0.000164619167036582330223674419832,0.161026828039553207579055834315,0.0000209665410991355233633335106201,0.179076284544897720882270196345,0.0000112939611478012505196929732592,0.0403795881524417597601517252128
30,X1>X3>X4>X5>X2,X1>X4>X3>X2>X5,0.000498739481804436667253183789378,0.301451765065103161279956623854,0.00000352470458978383645698435943512,0.118355541698644544220778092141,0.000130690331360707397140619290389,0.161026828039553207579055834315,0.0000146728402543048442619363505923,0.179076284544897720882270196345,0.00000790415491366795967667719972842,0.0403795881524417597601517252128
31,X1>X3>X4>X5>X2,X1>X4>X3>X2>X5,0.000398624372440685497935654628597,0.301451765065103161279956623854,0.00000245290585253675458399010553261,0.118355541698644544220778092141,0.000103851965540386789461070216297,0.161026828039553207579055834315,0.0000102687486592015389338191899523,0.179076284544897720882270196345,0.00000553180465208060476422706596648,0.0403795881524417597601517252128
32,X1>X3>X4>X5>X2,X1>X4>X3>X2>X5,0.000318644177869793867586992295581,0.301451765065103161279956623854,0.00000170840259736360560979425136016,0.118355541698644544220778092141,0.0000825933269407395061196691143723,0.161026828039553207579055834315,0.00000718678238965354250793969109355,0.179076284544897720882270196345,0.00000387152961630883632188852630946,0.0403795881524417597601517252128
33,X1>X3>X4>X5>X2,X1>X4>X3>X2>X5,0.000254737726590899007749198852377,0.301451765065103161279956623854,0.00000119070349138933847045648493541,0.118355541698644544220778092141,0.0000657340955772101435462751622423,0.161026828039553207579055834315,0.00000502994380306938054270322544415,0.179076284544897720882270196345,0.00000270959227840102212134496287633,0.0403795881524417597601517252128
34,X1>X3>X4>X5>X2,X1>X4>X3>X2>X5,0.000203666560778770433974046660042,0.301451765065103161279956623854,0.00000083038578744675120539729211424,0.118355541698644544220778092141,0.0000523496212322801052653255581613,0.161026828039553207579055834315,0.0000035204789598597556220281314101,0.179076284544897720882270196345,0.00000189640700794612787483631110648,0.0403795881524417597601517252128
35,X1>X3>X4>X5>X2,X1>X4>X3>X2>X5,0.000162847169721365463478642841607,0.301451765065103161279956623854,0.000000579406251681897070633528859089,0.118355541698644544220778092141,0.0000417137940150092610553440859509,0.161026828039553207579055834315,0.00000246404658484920659307920380949,0.179076284544897720882270196345,0.0000013272893583741322582838073404,0.0403795881524417597601517252128
36,X1>X3>X4>X5>X2,X1>X4>X3>X2>X5,0.00013021777247517937864086038991,0.301451765065103161279956623854,0.000000404466205065185866342278917422,0.118355541698644544220778092141,0.0000332551836411047651827482093958,0.161026828039553207579055834315,0.00000172465957573681648506086675082,0.179076284544897720882270196345,0.000000928979331095402373750333078624,0.0403795881524417597601517252128
37,X1>X3>X4>X5>X2,X1>X4>X3>X2>X5,0.000104132430772457829675517652221,0.301451765065103161279956623854,0.000000282455500473067978435908802615,0.118355541698644544220778092141,0.0000265232236478337361798948807511,0.161026828039553207579055834315,0.00000120715797741138065509567016472,0.179076284544897720882270196345,0.000000650208443730971276580341136132,0.0403795881524417597601517252128
38,X1>X3>X4>X5>X2,X1>X4>X3>X2>X5,0.0000832768134794330526661753817018,0.301451765065103161279956623854,0.00000019731637673783457011160218411,0.118355541698644544220778092141,0.0000211620392260331381751826574196,0.161026828039553207579055834315,0.000000844948398583848117486899303005,0.179076284544897720882270196345,0.000000455097967270846017073750110496,0.0403795881524417597601517252128
39,X1>X3>X4>X5>X2,X1>X4>X3>X2>X5,0.0000666011358218114973819823932228,0.301451765065103161279956623854,0.000000137879996822454753574063036168,0.118355541698644544220778092141,0.0000168901193999679866122520597495,0.161026828039553207579055834315,0.000000591426593669437718370502044422,0.179076284544897720882270196345,0.000000318538905756831606290278536039,0.0403795881524417597601517252128
40,X1>X3>X4>X5>X2,X1>X4>X3>X2>X5,0.0000532667374144032873462349524762,0.301451765065103161279956623854,0.0000000963711267970949786601216838405,0.118355541698644544220778092141,0.0000134844777961542853469158783337,0.161026828039553207579055834315,0.000000413976257907712963914107320254,0.179076284544897720882270196345,0.000000222958946472020624899537939739,0.0403795881524417597601517252128
41,X1>X3>X4>X5>X2,X1>X4>X3>X2>X5,0.0000426035016010972454395041521565,0.301451765065103161279956623854,0.0000000673728709937699754613646812826,0.118355541698644544220778092141,0.0000107682749823448190611490384851,0.161026828039553207579055834315,0.000000289769972956631697722313735038,0.179076284544897720882270196345,0.000000156060030468707402583493192693,0.0403795881524417597601517252128
42,X1>X3>X4>X5>X2,X1>X4>X3>X2>X5,0.0000340758996537656629771170196389,0.301451765065103161279956623854,0.0000000471088615616714282562814785869,0.118355541698644544220778092141,0.00000860112048111627721469811089235,0.161026828039553207579055834315,0.00000020283094014558260079119914744,0.179076284544897720882270196345,0.000000109235143165021253679045801067,0.0403795881524417597601517252128
43,X1>X3>X4>X5>X2,X1>X4>X3>X2>X5,0.0000272559015255424418794974804068,0.301451765065103161279956623854,0.0000000329449155274240436479564268189,0.118355541698644544220778092141,0.00000687145638386018159012051389461,0.161026828039553207579055834315,0.000000141976835412078231489336266822,0.179076284544897720882270196345,0.0000000764603989588064497346053393239,0.0403795881524417597601517252128
44,X1>X3>X4>X5>X2,X1>X4>X3>X2>X5,0.0000218013567709939400261370220066,0.301451765065103161279956623854,0.0000000230426690113081005489355437372,0.118355541698644544220778092141,0.00000549056309480170828333954932932,0.161026828039553207579055834315,0.0000000993808921314261249048586128479,0.179076284544897720882270196345,0.0000000535197187216450930875729967389,0.0403795881524417597601517252128
45,X1>X3>X4>X5>X2,X1>X4>X3>X2>X5,0.0000174387356105773658778823770506,0.301451765065103161279956623854,0.0000000161186055451820701839525731249,0.118355541698644544220778092141,0.00000438783278629875947731335901934,0.161026828039553207579055834315,0.0000000695648893875953039946577056356,0.179076284544897720882270196345,0.0000000374622454797901654593416042524,0.0403795881524417597601517252128
46,X1>X3>X4>X5>X2,X1>X4>X3>X2>X5,0.0000139493470235159283785176240071,0.301451765065103161279956623854,0.0000000112762664051787534768618988119,0.118355541698644544220778092141,0.00000350703615836239078459883199843,0.161026828039553207579055834315,0.0000000486943817588505057425639327206,0.179076284544897720882270196345,0.0000000262226258658250094593214468373,0.0403795881524417597601517252128
47,X1>X3>X4>X5>X2,X1>X4>X3>X2>X5,0.0000111583307701315180635149405694,0.301451765065103161279956623854,0.00000000788933209075301479587284760924,0.118355541698644544220778092141,0.00000280336931594266681548063917744,0.161026828039553207579055834315,0.0000000340854428712411608166603580576,0.179076284544897720882270196345,0.000000018355264427487949465882434087,0.0403795881524417597601517252128
48,X1>X3>X4>X5>X2,X1>X4>X3>X2>X5,0.00000892586321582838539756383685511,0.301451765065103161279956623854,0.0000000055200998754127241088116619177,0.118355541698644544220778092141,0.00000224111462142010833922297819104,0.161026828039553207579055834315,0.0000000238594354587862937207938965083,0.179076284544897720882270196345,0.0000000128483376304958797563964264679,0.0403795881524417597601517252128
49,X1>X3>X4>X5>X2,X1>X4>X3>X2>X5,0.00000714013048487578685190921122471,0.301451765065103161279956623854,0.00000000386261038423789332294219850205,0.118355541698644544220778092141,0.00000179178567399297837161391860546,0.161026828039553207579055834315,0.000000016701380123466776956582269236,0.179076284544897720882270196345,0.00000000899362611531685654584286868245,0.0403795881524417597601517252128
50,X1>X3>X4>X5>X2,X1>X4>X3>X2>X5,0.00000571171289780266016525352625611,0.301451765065103161279956623854,0.00000000270295156423180512753579380416,0.118355541698644544220778092141,0.00000143265467175082708116928728001,0.161026828039553207579055834315,0.0000000116908312845400259015070752377,0.179076284544897720882270196345,0.00000000629541121179894736337576232164,0.0403795881524417597601517252128
